emp_id,password,authorization
2025_1,Pass@1,admin 
2025_2,Pass@2,admin
2025_3,Pass@3,admin
2025_4,Pass@4
2025_5,Pass@5
2025_6,Pass@6
2025_7,Pass@7
2025_8,Pass@8
2025_9,Pass@9
2025_10,Pass@10
2025_11,Pass@11
2025_12,Pass@12
2025_13,Pass@13
2025_14,Pass@14
2025_15,Pass@15
2025_16,Pass@16
2025_17,Pass@17
2025_18,Pass@18
2025_19,Pass@19
2025_20,Pass@20
2025_21,Pass@21
2025_22,Pass@22
2025_23,Pass@23
2025_24,Pass@24
2025_25,Pass@25
2025_26,Pass@26
2025_27,Pass@27
2025_28,Pass@28
2025_29,Pass@29
2025_30,Pass@30
2025_31,Pass@31
2025_32,Pass@32
2025_33,Pass@33
2025_34,Pass@34
2025_35,Pass@35
2025_36,Pass@36
2025_37,Pass@37
2025_38,Pass@38
2025_39,Pass@39
2025_40,Pass@40
2025_41,Pass@41
2025_42,Pass@42
2025_43,Pass@43
2025_44,Pass@44
2025_45,Pass@45
2025_46,Pass@46
2025_47,Pass@47
2025_48,Pass@48
2025_49,Pass@49
2025_50,Pass@50
2025_51,Pass@51
2025_52,Pass@52
2025_53,Pass@53
2025_54,Pass@54
2025_55,Pass@55
2025_56,Pass@56
2025_57,Pass@57
2025_58,Pass@58
2025_59,Pass@59
2025_60,Pass@60
2025_61,Pass@61
2025_62,Pass@62
2025_63,Pass@63
2025_64,Pass@64
2025_65,Pass@65
2025_66,Pass@66
2025_67,Pass@67
2025_68,Pass@68
2025_69,Pass@69
2025_70,Pass@70
2025_71,Pass@71
2025_72,Pass@72
2025_73,Pass@73
2025_74,Pass@74
2025_75,Pass@75
2025_76,Pass@76
2025_77,Pass@77
2025_78,Pass@78
2025_79,Pass@79
2025_80,Pass@80
2025_81,Pass@81
2025_82,Pass@82
2025_83,Pass@83
2025_84,Pass@84
2025_85,Pass@85
2025_86,Pass@86
2025_87,Pass@87
2025_88,Pass@88
2025_89,Pass@89
2025_90,Pass@90
2025_91,Pass@91
2025_92,Pass@92
2025_93,Pass@93
2025_94,Pass@94
2025_95,Pass@95
2025_96,Pass@96
2025_97,Pass@97
2025_98,Pass@98
2025_99,Pass@99
2025_100,Pass@100
2025_101,Pass@101
2025_102,Pass@102
2025_103,Pass@103
2025_104,Pass@104
2025_105,Pass@105
2025_106,Pass@106
2025_107,Pass@107
2025_108,Pass@108
2025_109,Pass@109
2025_110,Pass@110
2025_111,Pass@111
2025_112,Pass@112
2025_113,Pass@113
2025_114,Pass@114
2025_115,Pass@115
2025_116,Pass@116
2025_117,Pass@117
2025_118,Pass@118
2025_119,Pass@119
2025_120,Pass@120
2025_121,Pass@121
2025_122,Pass@122
2025_123,Pass@123
2025_124,Pass@124
2025_125,Pass@125
2025_126,Pass@126
2025_127,Pass@127
2025_128,Pass@128
2025_129,Pass@129
2025_130,Pass@130
2025_131,Pass@131
2025_132,Pass@132
2025_133,Pass@133
2025_134,Pass@134
2025_135,Pass@135
2025_136,Pass@136
2025_137,Pass@137
2025_138,Pass@138
2025_139,Pass@139
2025_140,Pass@140
2025_141,Pass@141
2025_142,Pass@142
2025_143,Pass@143
2025_144,Pass@144
2025_145,Pass@145
2025_146,Pass@146
2025_147,Pass@147
2025_148,Pass@148
2025_149,Pass@149
2025_150,Pass@150
2025_151,Pass@151
2025_152,Pass@152
2025_153,Pass@153
2025_154,Pass@154
2025_155,Pass@155
2025_156,Pass@156
2025_157,Pass@157
2025_158,Pass@158
2025_159,Pass@159
2025_160,Pass@160
2025_161,Pass@161
2025_162,Pass@162
2025_163,Pass@163
2025_164,Pass@164
2025_165,Pass@165
2025_166,Pass@166
2025_167,Pass@167
2025_168,Pass@168
2025_169,Pass@169
2025_170,Pass@170
2025_171,Pass@171
2025_172,Pass@172
2025_173,Pass@173
2025_174,Pass@174
2025_175,Pass@175
2025_176,Pass@176
2025_177,Pass@177
2025_178,Pass@178
2025_179,Pass@179
2025_180,Pass@180
2025_181,Pass@181
2025_182,Pass@182
2025_183,Pass@183
2025_184,Pass@184
2025_185,Pass@185
2025_186,Pass@186
2025_187,Pass@187
2025_188,Pass@188
2025_189,Pass@189
2025_190,Pass@190
2025_191,Pass@191
2025_192,Pass@192
2025_193,Pass@193
2025_194,Pass@194
2025_195,Pass@195
2025_196,Pass@196
2025_197,Pass@197
2025_198,Pass@198
2025_199,Pass@199
2025_200,Pass@200
2025_201,Pass@201
2025_202,Pass@202
2025_203,Pass@203
2025_204,Pass@204
2025_205,Pass@205
2025_206,Pass@206
2025_207,Pass@207
2025_208,Pass@208
2025_209,Pass@209
2025_210,Pass@210
2025_211,Pass@211
2025_212,Pass@212
2025_213,Pass@213
2025_214,Pass@214
2025_215,Pass@215
2025_216,Pass@216
2025_217,Pass@217
2025_218,Pass@218
2025_219,Pass@219
2025_220,Pass@220
2025_221,Pass@221
2025_222,Pass@222
2025_223,Pass@223
2025_224,Pass@224
2025_225,Pass@225
2025_226,Pass@226
2025_227,Pass@227
2025_228,Pass@228
2025_229,Pass@229
2025_230,Pass@230
2025_231,Pass@231
2025_232,Pass@232
2025_233,Pass@233
2025_234,Pass@234
2025_235,Pass@235
2025_236,Pass@236
2025_237,Pass@237
2025_238,Pass@238
2025_239,Pass@239
2025_240,Pass@240
2025_241,Pass@241
2025_242,Pass@242
2025_243,Pass@243
2025_244,Pass@244
2025_245,Pass@245
2025_246,Pass@246
2025_247,Pass@247
2025_248,Pass@248
2025_249,Pass@249
2025_250,Pass@250
2025_251,Pass@251
2025_252,Pass@252
2025_253,Pass@253
2025_254,Pass@254
2025_255,Pass@255
2025_256,Pass@256
2025_257,Pass@257
2025_258,Pass@258
2025_259,Pass@259
2025_260,Pass@260
2025_261,Pass@261
2025_262,Pass@262
2025_263,Pass@263
2025_264,Pass@264
2025_265,Pass@265
2025_266,Pass@266
2025_267,Pass@267
2025_268,Pass@268
2025_269,Pass@269
2025_270,Pass@270
2025_271,Pass@271
2025_272,Pass@272
2025_273,Pass@273
2025_274,Pass@274
2025_275,Pass@275
2025_276,Pass@276
2025_277,Pass@277
2025_278,Pass@278
2025_279,Pass@279
2025_280,Pass@280
2025_281,Pass@281
2025_282,Pass@282
2025_283,Pass@283
2025_284,Pass@284
2025_285,Pass@285
2025_286,Pass@286
2025_287,Pass@287
2025_288,Pass@288
2025_289,Pass@289
2025_290,Pass@290
2025_291,Pass@291
2025_292,Pass@292
2025_293,Pass@293
2025_294,Pass@294
2025_295,Pass@295
2025_296,Pass@296
2025_297,Pass@297
2025_298,Pass@298
2025_299,Pass@299
2025_300,Pass@300
2025_301,Pass@301
2025_302,Pass@302
2025_303,Pass@303
2025_304,Pass@304
2025_305,Pass@305
2025_306,Pass@306
2025_307,Pass@307
2025_308,Pass@308
2025_309,Pass@309
2025_310,Pass@310
2025_311,Pass@311
2025_312,Pass@312
2025_313,Pass@313
2025_314,Pass@314
2025_315,Pass@315
2025_316,Pass@316
2025_317,Pass@317
2025_318,Pass@318
2025_319,Pass@319
2025_320,Pass@320
2025_321,Pass@321
2025_322,Pass@322
2025_323,Pass@323
2025_324,Pass@324
2025_325,Pass@325
2025_326,Pass@326
2025_327,Pass@327
2025_328,Pass@328
2025_329,Pass@329
2025_330,Pass@330
2025_331,Pass@331
2025_332,Pass@332
2025_333,Pass@333
2025_334,Pass@334
2025_335,Pass@335
2025_336,Pass@336
2025_337,Pass@337
2025_338,Pass@338
2025_339,Pass@339
2025_340,Pass@340
2025_341,Pass@341
2025_342,Pass@342
2025_343,Pass@343
2025_344,Pass@344
2025_345,Pass@345
2025_346,Pass@346
2025_347,Pass@347
2025_348,Pass@348
2025_349,Pass@349
2025_350,Pass@350
2025_351,Pass@351
2025_352,Pass@352
2025_353,Pass@353
2025_354,Pass@354
2025_355,Pass@355
2025_356,Pass@356
2025_357,Pass@357
2025_358,Pass@358
2025_359,Pass@359
2025_360,Pass@360
2025_361,Pass@361
2025_362,Pass@362
2025_363,Pass@363
2025_364,Pass@364
2025_365,Pass@365
2025_366,Pass@366
2025_367,Pass@367
2025_368,Pass@368
2025_369,Pass@369
2025_370,Pass@370
2025_371,Pass@371
2025_372,Pass@372
2025_373,Pass@373
2025_374,Pass@374
2025_375,Pass@375
2025_376,Pass@376
2025_377,Pass@377
2025_378,Pass@378
2025_379,Pass@379
2025_380,Pass@380
2025_381,Pass@381
2025_382,Pass@382
2025_383,Pass@383
2025_384,Pass@384
2025_385,Pass@385
2025_386,Pass@386
2025_387,Pass@387
2025_388,Pass@388
2025_389,Pass@389
2025_390,Pass@390
2025_391,Pass@391
2025_392,Pass@392
2025_393,Pass@393
2025_394,Pass@394
2025_395,Pass@395
2025_396,Pass@396
2025_397,Pass@397
2025_398,Pass@398
2025_399,Pass@399
2025_400,Pass@400
2025_401,Pass@401
2025_402,Pass@402
2025_403,Pass@403
2025_404,Pass@404
2025_405,Pass@405
2025_406,Pass@406
2025_407,Pass@407
2025_408,Pass@408
2025_409,Pass@409
2025_410,Pass@410
2025_411,Pass@411
2025_412,Pass@412
2025_413,Pass@413
2025_414,Pass@414
2025_415,Pass@415
2025_416,Pass@416
2025_417,Pass@417
2025_418,Pass@418
2025_419,Pass@419
2025_420,Pass@420
2025_421,Pass@421
2025_422,Pass@422
2025_423,Pass@423
2025_424,Pass@424
2025_425,Pass@425
2025_426,Pass@426
2025_427,Pass@427
2025_428,Pass@428
2025_429,Pass@429
2025_430,Pass@430
2025_431,Pass@431
2025_432,Pass@432
2025_433,Pass@433
2025_434,Pass@434
2025_435,Pass@435
2025_436,Pass@436
2025_437,Pass@437
2025_438,Pass@438
2025_439,Pass@439
2025_440,Pass@440
2025_441,Pass@441
2025_442,Pass@442
2025_443,Pass@443
2025_444,Pass@444
2025_445,Pass@445
2025_446,Pass@446
2025_447,Pass@447
2025_448,Pass@448
2025_449,Pass@449
2025_450,Pass@450
2025_451,Pass@451
2025_452,Pass@452
2025_453,Pass@453
2025_454,Pass@454
2025_455,Pass@455
2025_456,Pass@456
2025_457,Pass@457
2025_458,Pass@458
2025_459,Pass@459
2025_460,Pass@460
2025_461,Pass@461
2025_462,Pass@462
2025_463,Pass@463
2025_464,Pass@464
2025_465,Pass@465
2025_466,Pass@466
2025_467,Pass@467
2025_468,Pass@468
2025_469,Pass@469
2025_470,Pass@470
2025_471,Pass@471
2025_472,Pass@472
2025_473,Pass@473
2025_474,Pass@474
2025_475,Pass@475
2025_476,Pass@476
2025_477,Pass@477
2025_478,Pass@478
2025_479,Pass@479
2025_480,Pass@480
2025_481,Pass@481
2025_482,Pass@482
2025_483,Pass@483
2025_484,Pass@484
2025_485,Pass@485
2025_486,Pass@486
2025_487,Pass@487
2025_488,Pass@488
2025_489,Pass@489
2025_490,Pass@490
2025_491,Pass@491
2025_492,Pass@492
2025_493,Pass@493
2025_494,Pass@494
2025_495,Pass@495
2025_496,Pass@496
2025_497,Pass@497
2025_498,Pass@498
2025_499,Pass@499
2025_500,Pass@500
2025_501,Pass@501
2025_502,Pass@502
2025_503,Pass@503
2025_504,Pass@504
2025_505,Pass@505
2025_506,Pass@506
2025_507,Pass@507
2025_508,Pass@508
2025_509,Pass@509
2025_510,Pass@510
2025_511,Pass@511
2025_512,Pass@512
2025_513,Pass@513
2025_514,Pass@514
2025_515,Pass@515
2025_516,Pass@516
2025_517,Pass@517
2025_518,Pass@518
2025_519,Pass@519
2025_520,Pass@520
2025_521,Pass@521
2025_522,Pass@522
2025_523,Pass@523
2025_524,Pass@524
2025_525,Pass@525
2025_526,Pass@526
2025_527,Pass@527
2025_528,Pass@528
2025_529,Pass@529
2025_530,Pass@530
2025_531,Pass@531
2025_532,Pass@532
2025_533,Pass@533
2025_534,Pass@534
2025_535,Pass@535
2025_536,Pass@536
2025_537,Pass@537
2025_538,Pass@538
2025_539,Pass@539
2025_540,Pass@540
2025_541,Pass@541
2025_542,Pass@542
2025_543,Pass@543
2025_544,Pass@544
2025_545,Pass@545
2025_546,Pass@546
2025_547,Pass@547
2025_548,Pass@548
2025_549,Pass@549
2025_550,Pass@550
2025_551,Pass@551
2025_552,Pass@552
2025_553,Pass@553
2025_554,Pass@554
2025_555,Pass@555
2025_556,Pass@556
2025_557,Pass@557
2025_558,Pass@558
2025_559,Pass@559
2025_560,Pass@560
2025_561,Pass@561
2025_562,Pass@562
2025_563,Pass@563
2025_564,Pass@564
2025_565,Pass@565
2025_566,Pass@566
2025_567,Pass@567
2025_568,Pass@568
2025_569,Pass@569
2025_570,Pass@570
2025_571,Pass@571
2025_572,Pass@572
2025_573,Pass@573
2025_574,Pass@574
2025_575,Pass@575
2025_576,Pass@576
2025_577,Pass@577
2025_578,Pass@578
2025_579,Pass@579
2025_580,Pass@580
2025_581,Pass@581
2025_582,Pass@582
2025_583,Pass@583
2025_584,Pass@584
2025_585,Pass@585
2025_586,Pass@586
2025_587,Pass@587
2025_588,Pass@588
2025_589,Pass@589
2025_590,Pass@590
2025_591,Pass@591
2025_592,Pass@592
2025_593,Pass@593
2025_594,Pass@594
2025_595,Pass@595
2025_596,Pass@596
2025_597,Pass@597
2025_598,Pass@598
2025_599,Pass@599
2025_600,Pass@600
2025_601,Pass@601
2025_602,Pass@602
2025_603,Pass@603
2025_604,Pass@604
2025_605,Pass@605
2025_606,Pass@606
2025_607,Pass@607
2025_608,Pass@608
2025_609,Pass@609
2025_610,Pass@610
2025_611,Pass@611
2025_612,Pass@612
2025_613,Pass@613
2025_614,Pass@614
2025_615,Pass@615
2025_616,Pass@616
2025_617,Pass@617
2025_618,Pass@618
2025_619,Pass@619
2025_620,Pass@620
2025_621,Pass@621
2025_622,Pass@622
2025_623,Pass@623
2025_624,Pass@624
2025_625,Pass@625
2025_626,Pass@626
2025_627,Pass@627
2025_628,Pass@628
2025_629,Pass@629
2025_630,Pass@630
2025_631,Pass@631
2025_632,Pass@632
2025_633,Pass@633
2025_634,Pass@634
2025_635,Pass@635
2025_636,Pass@636
2025_637,Pass@637
2025_638,Pass@638
2025_639,Pass@639
2025_640,Pass@640
2025_641,Pass@641
2025_642,Pass@642
2025_643,Pass@643
2025_644,Pass@644
2025_645,Pass@645
2025_646,Pass@646
2025_647,Pass@647
2025_648,Pass@648
2025_649,Pass@649
2025_650,Pass@650
2025_651,Pass@651
2025_652,Pass@652
2025_653,Pass@653
2025_654,Pass@654
2025_655,Pass@655
2025_656,Pass@656
2025_657,Pass@657
2025_658,Pass@658
2025_659,Pass@659
2025_660,Pass@660
2025_661,Pass@661
2025_662,Pass@662
2025_663,Pass@663
2025_664,Pass@664
2025_665,Pass@665
2025_666,Pass@666
2025_667,Pass@667
2025_668,Pass@668
2025_669,Pass@669
2025_670,Pass@670
2025_671,Pass@671
2025_672,Pass@672
2025_673,Pass@673
2025_674,Pass@674
2025_675,Pass@675
2025_676,Pass@676
2025_677,Pass@677
2025_678,Pass@678
2025_679,Pass@679
2025_680,Pass@680
2025_681,Pass@681
2025_682,Pass@682
2025_683,Pass@683
2025_684,Pass@684
2025_685,Pass@685
2025_686,Pass@686
2025_687,Pass@687
2025_688,Pass@688
2025_689,Pass@689
2025_690,Pass@690
2025_691,Pass@691
2025_692,Pass@692
2025_693,Pass@693
2025_694,Pass@694
2025_695,Pass@695
2025_696,Pass@696
2025_697,Pass@697
2025_698,Pass@698
2025_699,Pass@699
2025_700,Pass@700
2025_701,Pass@701
2025_702,Pass@702
2025_703,Pass@703
2025_704,Pass@704
2025_705,Pass@705
2025_706,Pass@706
2025_707,Pass@707
2025_708,Pass@708
2025_709,Pass@709
2025_710,Pass@710
2025_711,Pass@711
2025_712,Pass@712
2025_713,Pass@713
2025_714,Pass@714
2025_715,Pass@715
2025_716,Pass@716
2025_717,Pass@717
2025_718,Pass@718
2025_719,Pass@719
2025_720,Pass@720
2025_721,Pass@721
2025_722,Pass@722
2025_723,Pass@723
2025_724,Pass@724
2025_725,Pass@725
2025_726,Pass@726
2025_727,Pass@727
2025_728,Pass@728
2025_729,Pass@729
2025_730,Pass@730
2025_731,Pass@731
2025_732,Pass@732
2025_733,Pass@733
2025_734,Pass@734
2025_735,Pass@735
2025_736,Pass@736
2025_737,Pass@737
2025_738,Pass@738
2025_739,Pass@739
2025_740,Pass@740
2025_741,Pass@741
2025_742,Pass@742
2025_743,Pass@743
2025_744,Pass@744
2025_745,Pass@745
2025_746,Pass@746
2025_747,Pass@747
2025_748,Pass@748
2025_749,Pass@749
2025_750,Pass@750
2025_751,Pass@751
2025_752,Pass@752
2025_753,Pass@753
2025_754,Pass@754
2025_755,Pass@755
2025_756,Pass@756
2025_757,Pass@757
2025_758,Pass@758
2025_759,Pass@759
2025_760,Pass@760
2025_761,Pass@761
2025_762,Pass@762
2025_763,Pass@763
2025_764,Pass@764
2025_765,Pass@765
2025_766,Pass@766
2025_767,Pass@767
2025_768,Pass@768
2025_769,Pass@769
2025_770,Pass@770
2025_771,Pass@771
2025_772,Pass@772
2025_773,Pass@773
2025_774,Pass@774
2025_775,Pass@775
2025_776,Pass@776
2025_777,Pass@777
2025_778,Pass@778
2025_779,Pass@779
2025_780,Pass@780
2025_781,Pass@781
2025_782,Pass@782
2025_783,Pass@783
2025_784,Pass@784
2025_785,Pass@785
2025_786,Pass@786
2025_787,Pass@787
2025_788,Pass@788
2025_789,Pass@789
2025_790,Pass@790
2025_791,Pass@791
2025_792,Pass@792
2025_793,Pass@793
2025_794,Pass@794
2025_795,Pass@795
2025_796,Pass@796
2025_797,Pass@797
2025_798,Pass@798
2025_799,Pass@799
2025_800,Pass@800
2025_801,Pass@801
2025_802,Pass@802
2025_803,Pass@803
2025_804,Pass@804
2025_805,Pass@805
2025_806,Pass@806
2025_807,Pass@807
2025_808,Pass@808
2025_809,Pass@809
2025_810,Pass@810
2025_811,Pass@811
2025_812,Pass@812
2025_813,Pass@813
2025_814,Pass@814
2025_815,Pass@815
2025_816,Pass@816
2025_817,Pass@817
2025_818,Pass@818
2025_819,Pass@819
2025_820,Pass@820
2025_821,Pass@821
2025_822,Pass@822
2025_823,Pass@823
2025_824,Pass@824
2025_825,Pass@825
2025_826,Pass@826
2025_827,Pass@827
2025_828,Pass@828
2025_829,Pass@829
2025_830,Pass@830
2025_831,Pass@831
2025_832,Pass@832
2025_833,Pass@833
2025_834,Pass@834
2025_835,Pass@835
2025_836,Pass@836
2025_837,Pass@837
2025_838,Pass@838
2025_839,Pass@839
2025_840,Pass@840
2025_841,Pass@841
2025_842,Pass@842
2025_843,Pass@843
2025_844,Pass@844
2025_845,Pass@845
2025_846,Pass@846
2025_847,Pass@847
2025_848,Pass@848
2025_849,Pass@849
2025_850,Pass@850
2025_851,Pass@851
2025_852,Pass@852
2025_853,Pass@853
2025_854,Pass@854
2025_855,Pass@855
2025_856,Pass@856
2025_857,Pass@857
2025_858,Pass@858
2025_859,Pass@859
2025_860,Pass@860
2025_861,Pass@861
2025_862,Pass@862
2025_863,Pass@863
2025_864,Pass@864
2025_865,Pass@865
2025_866,Pass@866
2025_867,Pass@867
2025_868,Pass@868
2025_869,Pass@869
2025_870,Pass@870
2025_871,Pass@871
2025_872,Pass@872
2025_873,Pass@873
2025_874,Pass@874
2025_875,Pass@875
2025_876,Pass@876
2025_877,Pass@877
2025_878,Pass@878
2025_879,Pass@879
2025_880,Pass@880
2025_881,Pass@881
2025_882,Pass@882
2025_883,Pass@883
2025_884,Pass@884
2025_885,Pass@885
2025_886,Pass@886
2025_887,Pass@887
2025_888,Pass@888
2025_889,Pass@889
2025_890,Pass@890
2025_891,Pass@891
2025_892,Pass@892
2025_893,Pass@893
2025_894,Pass@894
2025_895,Pass@895
2025_896,Pass@896
2025_897,Pass@897
2025_898,Pass@898
2025_899,Pass@899
2025_900,Pass@900
2025_901,Pass@901
2025_902,Pass@902
2025_903,Pass@903
2025_904,Pass@904
2025_905,Pass@905
2025_906,Pass@906
2025_907,Pass@907
2025_908,Pass@908
2025_909,Pass@909
2025_910,Pass@910
2025_911,Pass@911
2025_912,Pass@912
2025_913,Pass@913
2025_914,Pass@914
2025_915,Pass@915
2025_916,Pass@916
2025_917,Pass@917
2025_918,Pass@918
2025_919,Pass@919
2025_920,Pass@920
2025_921,Pass@921
2025_922,Pass@922
2025_923,Pass@923
2025_924,Pass@924
2025_925,Pass@925
2025_926,Pass@926
2025_927,Pass@927
2025_928,Pass@928
2025_929,Pass@929
2025_930,Pass@930
2025_931,Pass@931
2025_932,Pass@932
2025_933,Pass@933
2025_934,Pass@934
2025_935,Pass@935
2025_936,Pass@936
2025_937,Pass@937
2025_938,Pass@938
2025_939,Pass@939
2025_940,Pass@940
2025_941,Pass@941
2025_942,Pass@942
2025_943,Pass@943
2025_944,Pass@944
2025_945,Pass@945
2025_946,Pass@946
2025_947,Pass@947
2025_948,Pass@948
2025_949,Pass@949
2025_950,Pass@950
2025_951,Pass@951
2025_952,Pass@952
2025_953,Pass@953
2025_954,Pass@954
2025_955,Pass@955
2025_956,Pass@956
2025_957,Pass@957
2025_958,Pass@958
2025_959,Pass@959
2025_960,Pass@960
2025_961,Pass@961
2025_962,Pass@962
2025_963,Pass@963
2025_964,Pass@964
2025_965,Pass@965
2025_966,Pass@966
2025_967,Pass@967
2025_968,Pass@968
2025_969,Pass@969
2025_970,Pass@970
2025_971,Pass@971
2025_972,Pass@972
2025_973,Pass@973
2025_974,Pass@974
2025_975,Pass@975
2025_976,Pass@976
2025_977,Pass@977
2025_978,Pass@978
2025_979,Pass@979
2025_980,Pass@980
2025_981,Pass@981
2025_982,Pass@982
2025_983,Pass@983
2025_984,Pass@984
2025_985,Pass@985
2025_986,Pass@986
2025_987,Pass@987
2025_988,Pass@988
2025_989,Pass@989
2025_990,Pass@990
2025_991,Pass@991
2025_992,Pass@992
2025_993,Pass@993
2025_994,Pass@994
2025_995,Pass@995
2025_996,Pass@996
2025_997,Pass@997
2025_998,Pass@998
2025_999,Pass@999
2025_1000,Pass@1000
