emp_id,Satisfaction_With_Work,Daily_Motivation,Role_Alignment,Recognition,Growth_Opportunities,Feedback_Quality,Career_Goals_Alignment,Coworker_Respect,Collaborative_Environment,Sense_of_Belonging,Manager_Support,Leadership_Trust,Transparent_Communication,Work_Life_Balance,Wellbeing,Workload_Fairness,12_Month_Commitment,Job_Search_Thoughts,Retention_If_Offered_Elsewhere,Overall_Satisfaction,Final_Verdict
2025_1,4,5,3,5,5,2,3,3,3,5,4,3,5,2,4,2,4,5,1,4,4
2025_2,2,5,4,1,1,3,3,2,4,4,3,4,4,1,3,5,3,5,1,2,3
2025_3,4,1,4,2,2,1,2,5,2,4,4,4,4,5,3,1,4,2,4,2,3
2025_4,2,4,5,2,2,4,2,2,4,4,1,5,5,2,5,2,1,4,4,4,3
2025_5,5,1,5,5,1,1,1,1,4,3,3,1,3,3,1,3,5,2,2,1,3
2025_6,4,1,4,2,1,5,3,4,3,3,1,3,5,3,1,5,2,3,1,2,3
2025_7,2,4,5,3,1,4,5,4,5,5,3,5,4,5,3,3,4,2,2,5,4
2025_8,1,5,4,4,4,4,4,3,2,4,1,1,1,1,3,1,4,5,1,3,3
2025_9,3,1,5,1,3,2,4,3,1,4,1,1,2,4,4,2,3,1,5,1,3
2025_10,1,3,1,2,2,4,5,1,1,3,2,5,4,2,4,3,3,1,5,4,3
2025_11,2,3,1,1,4,3,5,3,4,4,3,4,3,2,3,3,4,4,1,1,3
2025_12,2,1,3,4,1,1,2,2,3,4,2,1,4,4,1,2,1,4,5,5,3
2025_13,3,1,1,3,3,3,4,1,4,3,1,4,4,3,1,3,1,5,2,2,3
2025_14,2,3,5,1,4,1,4,1,5,4,3,1,1,4,3,3,5,3,3,3,3
2025_15,2,5,1,4,1,5,4,5,3,4,3,1,1,4,4,5,5,3,4,1,3
2025_16,5,5,1,5,3,4,1,4,5,5,1,3,2,1,2,2,3,2,2,3,3
2025_17,2,2,2,1,1,1,3,5,2,2,3,2,1,5,4,2,1,4,5,4,3
2025_18,1,4,3,4,2,2,3,1,2,5,2,2,1,4,2,3,4,5,1,5,3
2025_19,4,4,4,5,4,5,4,3,4,5,2,4,2,3,1,3,4,2,2,5,4
2025_20,2,5,1,4,5,1,2,2,1,2,1,5,5,1,5,5,5,3,4,2,3
2025_21,3,5,1,5,4,5,1,4,5,4,2,2,5,4,1,5,2,2,5,4,3
2025_22,2,4,2,2,3,2,1,5,5,4,2,1,4,3,4,4,2,3,4,1,3
2025_23,1,5,3,3,5,4,3,1,1,2,3,4,5,5,4,2,5,3,2,3,3
2025_24,1,2,5,2,2,2,2,3,1,4,2,5,2,5,3,5,4,1,5,5,3
2025_25,1,4,2,5,1,3,1,3,4,2,1,5,4,1,5,1,3,1,1,1,2
2025_26,4,1,5,3,3,1,4,4,5,1,3,4,1,4,4,3,2,5,5,3,3
2025_27,4,1,4,3,5,4,5,1,5,5,2,2,2,5,3,5,3,3,2,4,3
2025_28,1,2,2,4,1,5,5,2,1,2,3,2,2,5,5,5,3,5,1,4,3
2025_29,1,1,5,4,4,4,3,5,4,3,2,2,3,3,5,5,2,4,2,4,3
2025_30,4,5,1,1,3,5,4,1,4,1,1,1,5,2,4,5,5,5,5,5,3
2025_31,3,4,5,4,3,3,4,1,2,1,1,1,5,3,1,3,4,2,4,4,3
2025_32,5,2,4,4,2,2,4,2,4,4,5,1,4,3,1,1,1,5,4,5,3
2025_33,4,5,5,3,5,2,3,5,1,2,2,2,3,5,5,1,1,2,1,3,3
2025_34,5,2,1,3,3,1,5,1,2,1,3,1,5,4,1,5,5,3,5,5,3
2025_35,5,5,2,2,3,1,5,1,1,3,5,5,4,1,1,2,4,2,2,2,3
2025_36,3,3,2,4,1,4,5,3,1,1,5,5,2,3,3,4,2,2,2,2,3
2025_37,3,3,2,4,1,1,4,2,3,1,5,5,4,2,1,2,1,4,4,5,3
2025_38,2,5,2,5,3,3,3,3,1,3,4,4,1,3,3,3,5,2,5,2,3
2025_39,3,3,5,5,2,4,2,5,5,1,5,1,4,2,2,1,2,5,3,1,3
2025_40,2,1,1,3,5,1,2,4,1,1,3,5,4,2,4,2,5,2,3,3,3
2025_41,3,3,4,5,2,2,3,3,1,5,4,2,1,1,2,4,1,1,5,4,3
2025_42,1,4,2,3,1,5,2,4,2,1,4,3,2,1,5,4,2,2,3,3,3
2025_43,5,5,1,1,5,5,4,3,1,3,3,5,4,2,4,4,3,4,1,3,3
2025_44,1,2,3,2,3,5,4,5,2,4,3,4,1,4,1,4,1,2,5,3,3
2025_45,4,5,3,3,1,2,2,5,2,4,2,5,2,4,1,5,1,1,1,3,3
2025_46,3,1,5,4,4,2,5,3,1,2,4,3,3,1,4,5,3,1,5,4,3
2025_47,3,5,5,5,3,3,2,4,1,5,2,1,2,3,5,1,1,1,1,1,3
2025_48,2,5,3,3,3,3,2,4,5,1,4,3,4,5,1,1,5,5,3,1,3
2025_49,4,2,2,5,3,2,1,5,4,5,4,5,5,5,4,4,5,2,3,3,4
2025_50,3,4,4,2,3,3,5,4,3,2,2,3,4,2,5,2,1,1,4,3,3
2025_51,4,4,4,4,5,5,2,1,4,2,1,3,5,1,3,1,5,5,2,4,3
2025_52,1,1,3,5,1,5,1,2,4,1,5,2,1,3,4,1,2,3,2,2,2
2025_53,3,2,3,1,3,3,4,3,3,1,4,5,1,1,5,3,2,4,2,5,3
2025_54,1,1,4,1,1,4,4,5,1,1,5,3,3,3,5,1,5,5,3,2,3
2025_55,1,3,2,2,4,1,2,3,4,1,5,3,2,2,3,2,4,1,4,2,3
2025_56,5,1,1,3,3,5,1,5,3,3,1,4,2,3,3,4,4,5,5,2,3
2025_57,2,1,5,3,5,3,4,5,4,2,2,1,5,4,3,2,2,3,4,4,3
2025_58,5,5,1,2,5,4,3,4,2,4,1,2,3,1,2,3,1,1,2,5,3
2025_59,1,1,3,4,2,2,5,5,2,5,3,2,5,2,4,1,2,1,5,1,3
2025_60,2,4,5,2,5,3,1,3,2,4,5,1,5,2,5,1,2,5,4,2,3
2025_61,2,4,3,1,3,5,4,3,2,5,5,3,3,4,1,3,3,2,5,1,3
2025_62,2,4,4,3,3,4,3,1,3,5,3,2,1,2,2,5,1,1,1,1,3
2025_63,1,5,3,2,1,3,3,2,5,4,4,3,2,4,3,5,4,3,3,1,3
2025_64,5,1,2,1,1,4,3,5,1,5,1,2,1,4,3,2,1,5,2,2,3
2025_65,1,2,5,2,5,1,3,2,3,5,2,4,3,2,3,2,1,3,4,4,3
2025_66,5,2,3,5,3,2,4,1,4,5,1,5,2,1,5,2,4,2,3,2,3
2025_67,2,3,5,5,2,3,3,4,5,1,5,5,4,1,4,1,2,1,4,5,3
2025_68,1,1,3,5,2,4,2,5,1,1,5,1,1,1,4,4,3,2,5,5,3
2025_69,5,3,4,3,5,2,1,4,4,3,4,5,5,3,5,2,3,2,1,2,3
2025_70,1,1,2,3,5,5,1,1,3,4,2,1,5,3,2,3,2,2,1,3,2
2025_71,3,5,5,1,1,4,5,2,3,1,3,3,4,5,1,3,1,2,4,2,3
2025_72,1,1,5,3,3,2,4,3,5,2,2,5,4,5,4,5,5,1,2,5,3
2025_73,5,3,2,3,2,3,5,5,1,3,4,1,3,3,1,5,3,5,1,5,3
2025_74,2,4,3,4,5,3,5,2,1,3,2,2,3,5,2,4,2,5,5,4,3
2025_75,2,5,3,1,1,1,2,4,5,3,3,2,1,2,4,4,5,5,4,4,3
2025_76,4,2,4,3,1,4,1,2,1,2,3,2,2,5,4,4,3,3,4,5,3
2025_77,4,5,3,1,3,3,2,2,2,2,5,4,1,3,5,1,5,5,3,4,3
2025_78,2,4,3,3,3,1,4,4,5,5,5,3,4,3,1,5,3,3,1,2,3
2025_79,4,2,5,3,1,1,4,2,4,3,4,1,1,5,5,3,2,4,3,5,3
2025_80,4,5,4,2,3,4,1,1,4,4,4,1,1,4,5,5,2,3,5,1,3
2025_81,5,2,2,3,5,1,1,4,1,3,3,1,1,4,1,4,4,1,2,2,2
2025_82,4,1,2,1,1,1,5,1,5,4,2,2,2,2,2,2,2,4,1,3,2
2025_83,5,3,3,1,1,1,2,4,2,4,4,3,3,4,4,2,2,3,1,4,3
2025_84,2,3,2,4,4,5,1,5,3,2,3,4,5,5,5,3,4,2,2,3,3
2025_85,5,1,3,3,4,2,3,3,5,5,1,4,1,5,2,5,4,5,4,4,3
2025_86,4,4,4,2,1,3,1,4,2,5,2,4,2,2,4,2,3,3,2,5,3
2025_87,4,3,5,2,5,1,3,2,4,2,4,2,5,5,5,1,4,5,1,4,3
2025_88,2,1,3,1,1,4,2,3,5,5,1,4,4,5,3,2,3,2,5,2,3
2025_89,4,1,1,5,4,3,4,1,1,4,4,1,3,5,5,4,5,1,1,4,3
2025_90,4,4,3,5,4,2,2,1,5,4,2,5,1,3,5,5,3,5,1,1,3
2025_91,3,4,2,4,5,2,3,3,2,1,2,5,1,3,2,4,4,5,4,2,3
2025_92,2,4,2,5,1,5,5,2,1,2,3,2,2,2,1,2,1,4,3,1,2
2025_93,4,1,1,3,5,5,1,2,4,2,2,1,1,1,1,5,1,5,5,1,3
2025_94,3,4,2,5,4,3,2,2,5,1,3,5,3,1,1,5,1,4,2,5,3
2025_95,3,4,5,1,1,1,1,3,4,2,3,3,2,2,1,3,5,2,2,4,3
2025_96,5,5,2,1,4,5,2,5,4,4,3,2,4,3,3,5,5,3,5,4,4
2025_97,1,4,3,3,4,5,5,3,2,5,4,5,4,3,5,4,3,2,4,2,4
2025_98,2,1,5,4,2,1,3,4,2,5,1,2,5,2,4,4,4,1,4,5,3
2025_99,2,3,5,5,4,1,2,1,2,2,1,5,2,1,2,3,5,4,2,3,3
2025_100,4,4,2,1,2,3,4,2,1,2,5,1,3,4,2,1,5,1,5,3,3
2025_101,4,3,2,1,5,5,1,1,2,3,5,2,3,2,5,1,1,3,4,3,3
2025_102,4,2,2,5,4,5,1,4,3,1,1,3,1,4,5,1,4,2,4,5,3
2025_103,4,3,5,2,3,4,5,2,3,2,4,2,1,3,2,4,4,2,4,5,3
2025_104,5,5,1,2,1,4,1,4,4,3,5,4,3,5,4,4,1,1,5,4,3
2025_105,2,1,5,4,4,2,5,4,1,2,5,2,1,5,2,3,1,1,1,3,3
2025_106,3,4,2,4,2,3,3,4,5,4,2,4,1,2,2,5,3,2,3,4,3
2025_107,1,5,3,2,3,2,3,2,4,2,2,1,2,1,5,1,4,1,5,4,3
2025_108,3,3,1,1,5,5,2,5,2,4,1,4,5,4,4,4,5,4,2,5,3
2025_109,4,5,3,2,4,3,3,5,3,2,2,1,2,3,2,5,1,3,1,3,3
2025_110,5,1,4,3,4,1,4,4,1,5,4,4,5,4,4,4,2,5,4,5,4
2025_111,3,3,4,5,5,5,2,3,5,5,2,2,5,1,5,5,2,2,5,5,4
2025_112,5,2,5,5,4,1,3,1,4,3,5,4,5,2,4,2,4,4,2,3,3
2025_113,1,5,4,5,2,5,2,5,1,1,1,1,1,1,2,4,5,1,2,2,3
2025_114,2,4,5,4,3,2,3,1,1,4,5,3,5,4,1,5,5,1,3,1,3
2025_115,5,3,3,1,5,4,5,2,4,3,4,3,3,4,3,3,2,5,5,2,3
2025_116,4,1,1,1,2,2,3,1,4,4,1,1,1,2,2,2,5,4,4,3,2
2025_117,2,5,5,4,2,3,2,1,2,1,1,3,4,2,1,2,4,4,5,4,3
2025_118,3,1,5,3,2,1,4,1,2,5,5,5,4,3,3,1,4,5,5,2,3
2025_119,2,5,5,4,3,2,3,4,5,3,5,5,1,3,3,5,4,1,5,2,4
2025_120,2,1,4,5,3,1,4,3,2,2,3,1,2,5,3,3,2,1,5,1,3
2025_121,4,4,2,2,2,4,1,1,2,5,1,4,3,3,3,5,2,4,5,4,3
2025_122,4,2,3,2,5,5,5,2,4,4,1,5,4,1,4,5,3,5,2,4,4
2025_123,4,2,2,3,4,4,3,1,3,5,4,2,5,4,3,5,4,1,1,2,3
2025_124,4,1,3,4,3,3,1,4,5,1,1,4,4,3,4,3,1,2,5,1,3
2025_125,4,5,2,2,3,5,3,1,5,1,3,5,3,5,3,2,3,2,3,5,3
2025_126,5,5,4,1,5,2,5,4,2,4,2,3,1,1,4,1,4,4,4,1,3
2025_127,4,1,4,5,4,2,4,3,4,2,2,1,5,4,1,5,4,3,4,2,3
2025_128,2,3,1,5,4,2,1,3,2,3,4,5,2,2,4,1,5,2,5,2,3
2025_129,5,3,2,5,1,3,3,1,5,4,1,5,1,1,2,5,4,2,1,1,3
2025_130,1,5,5,2,4,2,3,1,1,1,2,2,1,2,5,5,2,1,2,2,2
2025_131,2,3,5,4,4,3,2,3,3,1,5,4,2,4,4,5,4,4,3,5,4
2025_132,1,2,4,2,1,2,1,3,4,1,2,4,3,4,1,3,2,3,3,5,3
2025_133,3,3,4,2,4,4,1,4,5,5,1,2,2,4,4,4,2,3,5,3,3
2025_134,3,2,3,1,4,1,5,4,3,5,4,3,1,4,3,1,5,5,5,5,3
2025_135,2,4,4,2,3,3,5,1,3,1,4,1,4,2,2,5,3,5,4,5,3
2025_136,1,4,2,3,4,4,1,3,2,4,4,1,5,2,3,4,4,2,5,4,3
2025_137,2,1,5,3,4,2,1,3,2,2,3,1,1,5,4,3,3,3,1,4,3
2025_138,5,2,2,3,4,1,4,4,1,3,4,2,1,5,3,1,5,5,4,4,3
2025_139,4,1,1,3,4,5,2,3,1,3,3,3,3,2,4,5,3,3,3,4,3
2025_140,1,1,2,1,3,3,3,2,3,1,4,4,5,1,3,4,1,4,3,4,3
2025_141,5,5,4,1,1,1,4,1,3,5,3,1,3,1,4,3,4,4,2,1,3
2025_142,5,1,5,1,4,3,3,2,5,5,5,4,5,3,4,1,5,5,1,5,4
2025_143,1,4,3,1,2,1,5,4,4,1,3,2,4,5,5,3,4,1,5,3,3
2025_144,4,4,4,4,4,5,3,4,2,2,3,1,1,1,2,1,5,4,2,3,3
2025_145,3,4,2,1,1,5,5,1,3,3,5,4,1,5,5,1,1,3,4,4,3
2025_146,1,2,5,5,1,2,3,1,1,5,1,1,1,5,3,3,1,5,3,3,3
2025_147,3,5,5,1,4,3,4,5,5,5,4,5,1,5,2,4,2,5,1,3,4
2025_148,5,1,4,2,2,2,4,1,4,2,5,3,4,4,1,1,4,2,3,1,3
2025_149,2,5,1,2,2,3,3,5,2,2,3,1,1,4,3,4,3,5,2,5,3
2025_150,3,2,1,1,4,3,3,1,5,2,5,5,1,1,1,4,5,3,2,4,3
2025_151,3,5,1,5,2,4,4,2,3,3,4,4,1,3,2,3,1,4,4,1,3
2025_152,2,4,5,4,5,1,1,4,3,5,2,4,2,4,3,3,3,3,1,1,3
2025_153,5,2,4,4,1,4,1,5,2,5,3,3,3,5,4,2,3,3,3,2,3
2025_154,3,2,3,5,5,2,5,2,5,5,2,4,5,3,4,2,4,1,1,5,3
2025_155,5,3,4,1,5,4,5,5,1,1,5,2,5,5,3,3,3,2,2,5,3
2025_156,3,2,1,5,4,5,4,3,4,3,1,4,5,3,5,2,3,4,3,5,3
2025_157,1,3,4,2,1,2,3,5,5,4,5,1,5,4,3,3,5,2,3,5,3
2025_158,4,5,3,4,5,1,4,1,2,4,1,3,3,2,4,4,4,2,4,3,3
2025_159,1,3,3,1,3,2,1,3,5,3,2,4,3,4,5,3,1,4,5,1,3
2025_160,1,1,1,3,3,3,5,5,5,2,5,3,3,2,2,5,4,2,1,3,3
2025_161,1,3,3,2,2,1,3,1,4,1,5,1,5,5,5,4,1,1,4,3,3
2025_162,2,1,2,4,3,3,3,4,5,5,2,5,5,3,3,2,1,2,2,4,3
2025_163,4,2,2,2,5,4,2,3,3,5,5,1,1,1,5,5,5,3,5,3,3
2025_164,1,1,1,2,2,4,4,4,2,2,4,4,5,4,5,3,2,4,2,2,3
2025_165,2,3,1,4,1,1,1,2,5,2,2,1,2,1,5,4,1,5,4,3,2
2025_166,1,1,3,3,1,3,2,4,4,4,2,3,5,3,1,4,3,5,1,2,3
2025_167,2,5,1,4,3,1,2,5,5,3,5,5,1,4,3,1,4,1,1,5,3
2025_168,4,3,3,4,5,2,1,5,4,1,3,2,3,4,1,4,1,5,2,5,3
2025_169,5,4,2,1,1,3,1,4,5,5,5,2,1,4,2,3,4,4,4,5,3
2025_170,4,1,4,5,4,3,3,5,1,1,2,5,4,5,2,5,5,2,1,4,3
2025_171,2,3,1,3,1,4,4,5,3,1,4,2,4,2,1,4,4,1,4,2,3
2025_172,4,3,5,2,3,1,2,5,5,1,1,2,4,1,4,3,5,4,5,4,3
2025_173,3,1,3,1,1,5,3,4,3,5,1,5,2,2,4,5,4,4,2,4,3
2025_174,2,1,5,4,2,3,4,1,1,3,2,4,2,1,2,1,2,3,5,3,3
2025_175,3,5,5,4,4,3,3,1,1,4,4,1,1,2,2,1,2,5,4,4,3
2025_176,1,3,1,2,3,2,5,2,5,5,2,2,5,3,5,4,5,3,4,1,3
2025_177,1,3,5,2,3,4,4,1,4,3,4,3,2,1,4,3,5,1,2,3,3
2025_178,2,2,4,4,3,5,3,5,2,1,3,3,5,2,2,5,2,4,1,3,3
2025_179,1,3,4,2,5,4,1,5,2,4,5,4,4,2,3,5,2,4,2,3,3
2025_180,5,3,1,5,3,4,5,5,2,4,1,3,2,3,1,1,5,1,3,4,3
2025_181,4,5,3,3,1,3,2,1,2,5,4,5,4,5,3,2,4,1,2,1,3
2025_182,2,2,5,4,4,2,3,3,1,1,5,2,1,1,2,5,1,5,4,5,3
2025_183,3,3,5,3,4,2,3,3,5,4,2,5,5,4,2,4,2,4,5,5,4
2025_184,1,3,4,1,3,4,2,3,5,1,3,3,5,4,2,5,2,4,3,2,3
2025_185,1,1,5,4,5,5,5,1,1,5,1,4,5,1,2,5,5,4,3,3,3
2025_186,4,4,4,3,4,1,5,5,2,2,5,1,3,3,1,3,4,5,5,1,3
2025_187,3,2,2,3,2,1,1,3,2,1,1,4,4,1,3,5,5,1,1,1,2
2025_188,3,4,1,1,2,3,1,2,5,1,1,2,3,1,5,1,5,4,4,5,3
2025_189,3,1,1,4,5,1,1,3,2,4,4,2,1,3,3,4,3,2,1,2,2
2025_190,5,4,3,5,3,1,1,1,3,5,1,5,3,5,3,3,4,3,3,2,3
2025_191,1,4,4,4,2,3,1,5,3,2,3,3,2,4,4,1,1,4,5,3,3
2025_192,5,3,4,1,1,5,1,4,5,3,1,2,1,3,5,3,2,4,1,5,3
2025_193,4,3,5,4,5,2,2,1,1,2,5,2,1,2,2,5,4,1,5,2,3
2025_194,2,4,1,1,3,1,4,3,3,2,2,1,3,2,4,2,2,3,3,5,3
2025_195,4,3,1,4,4,3,4,3,2,5,2,3,3,2,1,1,1,3,4,3,3
2025_196,4,2,5,4,1,3,2,1,2,5,3,3,5,3,4,2,1,5,4,1,3
2025_197,1,5,4,1,1,4,3,1,2,4,1,5,2,1,2,2,3,2,3,4,3
2025_198,3,5,1,4,4,5,3,1,3,2,3,4,1,3,1,1,2,2,4,5,3
2025_199,1,5,4,1,1,5,3,2,3,5,2,3,2,1,3,2,2,2,3,4,3
2025_200,3,5,3,2,1,3,3,2,1,1,5,3,1,1,4,4,1,5,1,2,3
2025_201,3,5,2,5,2,3,3,4,2,4,2,4,3,5,4,2,2,3,2,1,3
2025_202,5,4,5,3,4,4,1,3,2,1,1,5,5,5,1,2,4,5,2,3,3
2025_203,5,4,3,3,4,5,1,4,4,4,3,2,1,5,5,2,4,1,5,5,4
2025_204,4,2,1,2,2,1,1,5,5,1,3,5,3,1,5,2,1,4,3,1,3
2025_205,1,5,5,5,4,5,1,5,2,5,4,2,1,1,3,2,3,2,2,4,3
2025_206,3,4,2,1,2,4,3,3,4,3,5,1,1,1,3,3,2,2,1,5,3
2025_207,2,2,3,5,1,2,5,5,1,5,5,5,2,1,5,5,2,1,3,2,3
2025_208,1,5,1,1,1,3,1,3,5,3,5,5,3,2,4,1,4,1,1,5,3
2025_209,1,1,3,4,3,1,5,3,3,2,1,5,3,3,5,1,2,3,2,4,3
2025_210,1,4,4,4,1,1,5,2,2,5,5,4,5,3,2,5,3,3,3,3,3
2025_211,4,3,4,4,3,2,3,3,3,2,1,1,4,4,2,5,1,4,1,2,3
2025_212,2,5,5,2,4,1,3,5,3,4,5,3,4,1,4,5,2,1,3,5,3
2025_213,2,4,2,5,5,2,4,2,5,5,3,3,1,5,3,2,4,2,4,3,3
2025_214,1,2,2,2,4,3,2,2,1,1,3,3,5,1,5,4,5,2,5,3,3
2025_215,4,2,5,4,4,2,5,4,4,1,4,1,5,5,5,3,5,4,2,1,4
2025_216,3,5,5,2,2,3,1,5,3,4,4,3,5,3,5,2,3,5,3,3,3
2025_217,5,5,1,3,4,3,3,5,3,3,4,5,3,2,1,4,3,2,3,3,3
2025_218,5,5,5,2,3,1,4,5,5,3,3,2,2,5,3,1,4,3,3,2,3
2025_219,4,5,3,5,3,5,4,2,4,1,2,4,1,3,3,5,2,3,2,3,3
2025_220,5,4,5,1,3,1,1,2,3,1,4,1,4,2,1,5,2,4,2,1,3
2025_221,3,3,4,4,3,4,2,5,5,2,5,1,2,4,2,3,4,3,4,5,3
2025_222,2,1,4,4,3,5,3,3,5,1,3,3,4,5,2,1,1,5,4,4,3
2025_223,5,4,1,1,2,5,3,3,2,2,4,2,2,3,4,2,2,4,5,4,3
2025_224,3,5,1,4,3,5,4,2,4,1,4,5,5,4,5,2,4,2,2,3,3
2025_225,4,5,2,3,4,4,1,1,2,1,2,5,2,1,5,1,2,3,4,1,3
2025_226,2,5,1,1,4,2,3,5,2,5,1,4,4,3,4,1,3,2,4,3,3
2025_227,1,5,5,1,1,5,3,5,1,4,2,4,4,1,5,3,4,5,3,4,3
2025_228,3,5,2,5,1,3,2,3,3,4,1,3,5,5,4,1,1,5,2,4,3
2025_229,4,5,5,2,2,1,4,4,5,1,4,1,1,5,1,2,2,3,5,3,3
2025_230,2,3,5,5,1,4,1,5,2,2,1,5,2,5,2,5,3,5,5,1,3
2025_231,3,4,1,4,2,4,5,4,1,1,4,1,1,4,3,3,2,1,4,1,3
2025_232,5,1,1,3,4,1,3,2,3,3,3,1,1,2,5,5,5,2,5,5,3
2025_233,3,1,1,3,3,3,1,5,3,2,3,4,3,1,3,4,2,5,3,4,3
2025_234,4,2,1,3,4,2,5,4,2,1,1,4,4,3,2,4,3,3,4,1,3
2025_235,2,2,1,4,2,4,4,3,1,4,5,1,2,3,2,2,1,2,4,2,3
2025_236,3,3,5,3,2,3,1,3,4,1,5,4,2,2,2,4,4,4,1,1,3
2025_237,2,3,2,5,1,4,1,4,5,5,1,4,5,2,2,4,1,5,1,2,3
2025_238,5,1,3,4,4,3,2,5,4,3,3,2,2,1,4,1,3,5,5,2,3
2025_239,5,5,5,3,5,5,5,1,3,2,1,4,3,3,4,4,4,2,5,3,4
2025_240,5,5,4,2,1,2,5,2,4,1,4,1,5,1,1,1,2,2,5,1,3
2025_241,3,5,1,1,2,5,1,1,5,3,5,5,3,5,1,5,3,4,5,2,3
2025_242,1,1,2,2,5,2,4,3,2,2,4,1,1,5,4,3,3,4,3,1,3
2025_243,3,3,4,4,3,2,4,5,5,1,3,2,1,3,4,5,2,5,4,3,3
2025_244,4,4,5,2,4,5,2,3,3,1,5,2,4,3,2,5,1,3,2,2,3
2025_245,2,5,5,5,4,2,3,5,5,2,5,4,4,5,2,2,2,1,5,2,4
2025_246,4,3,3,2,3,3,1,4,4,1,1,3,5,3,1,4,3,5,3,2,3
2025_247,3,1,4,4,1,2,1,3,1,1,2,3,5,5,4,1,4,2,5,1,3
2025_248,2,2,1,2,1,1,3,4,2,2,3,3,3,5,5,5,1,2,4,1,3
2025_249,2,2,3,3,1,3,2,3,5,3,2,1,4,3,2,4,4,5,4,2,3
2025_250,2,3,3,3,4,4,5,3,1,5,1,4,5,5,2,4,4,5,4,5,4
2025_251,2,5,4,4,5,5,5,3,4,4,3,5,2,5,5,3,4,5,4,1,4
2025_252,4,2,2,5,4,5,3,2,5,3,5,4,4,4,4,1,3,3,4,1,3
2025_253,4,1,4,2,2,5,4,3,5,2,4,5,4,2,5,2,1,2,4,3,3
2025_254,2,3,1,5,5,3,5,2,3,4,2,2,2,4,1,5,3,1,3,5,3
2025_255,4,2,2,4,1,1,3,4,1,4,5,2,2,2,4,4,3,2,3,2,3
2025_256,3,3,5,3,4,3,2,3,1,2,1,2,4,4,4,1,5,2,4,2,3
2025_257,1,5,1,2,5,5,1,4,2,3,3,1,2,2,1,2,4,1,4,2,3
2025_258,1,2,1,2,4,4,2,1,3,4,4,3,2,1,2,5,4,5,4,4,3
2025_259,5,5,2,5,2,2,2,4,4,5,4,5,4,1,1,5,4,4,2,3,3
2025_260,5,3,3,5,4,5,3,4,1,5,5,4,1,1,4,2,5,5,3,4,4
2025_261,3,3,1,5,3,1,4,3,5,3,4,3,5,1,5,1,2,5,5,4,3
2025_262,3,1,1,4,4,3,3,5,2,3,4,3,1,2,5,1,1,2,5,4,3
2025_263,5,3,1,3,4,3,5,3,4,4,4,5,4,1,4,3,3,3,5,3,4
2025_264,5,5,4,1,4,4,5,5,3,3,4,2,2,3,2,3,5,4,1,4,3
2025_265,3,3,4,3,2,2,3,3,2,3,3,4,1,2,4,1,3,3,4,3,3
2025_266,5,4,1,4,2,4,3,3,5,5,5,1,5,1,5,1,4,4,3,1,3
2025_267,2,3,4,1,5,2,4,3,1,2,1,5,3,1,4,3,4,1,3,4,3
2025_268,5,5,1,3,2,3,5,4,2,1,2,1,2,1,1,2,2,1,5,2,2
2025_269,3,4,1,1,4,5,4,2,4,1,4,3,2,4,1,2,1,5,3,5,3
2025_270,3,4,2,4,3,3,3,1,2,4,4,5,3,3,3,4,5,1,2,1,3
2025_271,4,3,2,4,4,4,2,2,5,5,1,2,2,2,5,4,3,5,2,5,3
2025_272,1,2,1,2,5,4,3,1,5,4,5,1,3,5,2,4,5,4,2,3,3
2025_273,3,2,4,5,2,1,4,3,2,3,4,3,2,4,1,2,5,2,4,2,3
2025_274,1,1,5,3,4,4,3,1,1,2,5,5,5,2,5,3,2,3,2,5,3
2025_275,3,3,3,2,4,5,3,4,5,5,3,3,2,4,4,3,5,3,5,5,4
2025_276,3,1,4,5,5,1,2,1,1,5,4,1,2,3,1,1,2,4,1,1,2
2025_277,4,2,1,4,1,3,5,3,1,2,5,3,4,2,3,4,1,4,3,3,3
2025_278,1,4,4,1,4,1,2,3,2,5,5,5,1,4,2,2,2,2,5,2,3
2025_279,4,5,2,1,3,3,3,5,2,5,4,1,1,3,3,3,2,4,4,4,3
2025_280,4,3,1,3,4,3,4,5,1,5,2,3,2,3,5,4,4,3,4,5,3
2025_281,4,5,2,5,1,1,1,3,3,3,5,3,2,1,5,1,3,5,4,2,3
2025_282,3,3,2,2,4,3,3,1,5,5,1,5,2,5,5,1,4,5,5,4,3
2025_283,1,4,1,2,1,2,2,1,3,1,5,5,3,2,3,5,3,1,3,2,2
2025_284,1,4,5,5,3,1,4,1,5,1,4,3,2,1,2,5,3,3,1,3,3
2025_285,1,1,2,3,1,2,4,2,2,1,5,5,5,2,1,3,2,2,1,4,2
2025_286,2,4,4,5,1,4,1,5,1,2,4,1,3,1,4,5,5,4,2,2,3
2025_287,5,5,4,2,5,2,5,1,3,1,5,3,3,5,5,2,5,4,5,4,4
2025_288,5,2,4,1,4,2,4,5,5,2,3,5,1,2,4,4,1,5,2,1,3
2025_289,5,2,4,2,3,2,3,2,3,4,5,3,3,4,3,1,4,1,4,3,3
2025_290,1,3,4,3,1,1,3,2,4,4,3,2,1,5,5,3,2,2,4,1,3
2025_291,2,5,1,1,3,2,3,2,4,3,3,5,3,2,5,3,3,4,3,1,3
2025_292,5,1,5,4,3,3,3,5,3,1,3,4,1,3,3,2,5,1,2,4,3
2025_293,5,1,3,1,3,5,3,4,3,4,5,5,1,4,4,2,2,2,3,2,3
2025_294,4,3,5,1,2,5,4,1,5,1,2,4,1,5,2,2,5,5,1,3,3
2025_295,2,1,5,1,5,4,5,5,5,3,5,2,2,1,3,1,2,2,4,5,3
2025_296,2,1,1,5,5,4,3,1,5,1,5,2,1,2,1,3,4,2,5,3,3
2025_297,1,2,1,1,1,4,4,5,2,3,3,3,1,4,2,1,4,4,2,2,2
2025_298,2,1,5,2,5,1,5,3,5,2,1,2,3,2,2,2,4,3,2,2,3
2025_299,2,1,4,1,4,2,3,5,5,2,1,3,4,2,3,3,4,3,1,1,3
2025_300,1,3,1,4,3,5,3,4,5,3,1,2,2,1,2,2,1,1,3,3,2
2025_301,1,4,2,3,2,5,1,4,5,5,5,1,3,1,3,5,5,4,3,5,3
2025_302,2,4,1,4,2,3,1,1,3,4,5,4,2,5,4,3,2,2,2,5,3
2025_303,1,5,4,1,4,1,5,2,3,2,5,1,2,5,4,3,2,1,4,5,3
2025_304,3,1,5,5,2,2,1,5,2,3,3,5,2,1,1,1,3,2,2,3,3
2025_305,1,1,5,4,2,2,2,4,5,4,1,1,2,3,2,3,4,1,3,4,3
2025_306,1,3,2,2,2,4,2,5,1,4,2,1,3,2,1,5,3,5,1,5,3
2025_307,1,1,5,1,2,1,4,1,4,1,1,5,2,2,3,5,5,2,5,2,3
2025_308,5,1,2,2,4,5,5,2,1,1,1,5,4,2,3,4,3,4,1,5,3
2025_309,3,4,5,3,2,4,2,1,2,2,4,1,2,5,3,2,1,2,3,1,3
2025_310,4,1,4,1,3,3,1,2,3,4,4,5,4,5,1,1,1,2,2,5,3
2025_311,4,4,1,3,2,2,1,2,1,5,4,3,4,4,5,2,3,2,4,1,3
2025_312,4,2,4,1,5,2,4,2,5,4,4,2,2,1,5,1,4,2,4,4,3
2025_313,3,3,4,2,4,3,2,4,5,5,4,2,4,4,3,5,3,3,4,3,4
2025_314,5,3,5,3,5,3,3,2,5,5,5,1,3,5,1,2,5,5,1,3,4
2025_315,2,5,3,2,4,4,2,1,2,2,1,1,3,3,1,4,4,2,5,2,3
2025_316,2,5,1,4,2,5,3,2,4,1,2,2,5,3,3,1,4,1,2,2,3
2025_317,3,4,5,4,2,5,4,4,5,2,4,5,2,5,5,4,2,4,1,1,4
2025_318,2,5,4,4,2,2,1,3,2,3,2,5,5,1,1,3,2,4,1,4,3
2025_319,4,2,3,2,1,4,2,2,2,1,3,2,1,4,5,1,5,2,2,1,2
2025_320,5,2,4,3,3,2,5,2,5,4,5,2,4,1,3,2,2,2,4,1,3
2025_321,5,1,4,2,3,2,5,3,2,3,1,4,2,5,1,2,1,5,2,5,3
2025_322,3,5,3,2,3,2,2,4,2,3,4,4,2,5,5,4,2,5,2,2,3
2025_323,4,4,1,5,5,5,3,2,4,5,1,5,2,2,4,3,4,5,1,4,3
2025_324,3,4,2,5,5,5,5,5,5,1,3,5,3,5,4,5,2,1,4,4,4
2025_325,2,5,1,4,1,4,5,4,4,3,5,2,2,5,2,5,2,3,2,4,3
2025_326,5,1,1,5,3,2,3,1,5,5,3,3,2,4,4,2,4,1,4,2,3
2025_327,4,5,3,1,5,5,2,3,3,1,2,1,4,5,1,5,2,4,2,4,3
2025_328,4,5,2,2,1,2,1,3,3,3,2,2,1,4,1,3,1,4,2,1,2
2025_329,3,3,2,1,4,2,1,5,3,4,4,4,3,1,2,1,2,4,1,4,3
2025_330,5,4,4,2,5,4,4,5,5,1,2,5,5,3,5,2,4,4,4,4,4
2025_331,3,5,4,1,4,5,4,3,2,2,5,2,2,1,5,5,2,2,2,3,3
2025_332,4,3,5,1,4,1,5,5,1,1,1,5,2,1,4,5,3,3,4,2,3
2025_333,1,5,1,5,3,1,4,2,4,2,1,1,2,3,5,4,4,4,1,4,3
2025_334,5,5,2,1,5,3,1,1,5,3,2,5,3,1,3,1,5,5,4,4,3
2025_335,4,5,2,5,3,5,5,1,1,1,5,2,3,3,2,2,3,4,1,1,3
2025_336,3,2,4,3,1,5,2,5,3,1,4,5,4,1,5,4,4,5,1,4,3
2025_337,3,5,2,2,1,3,4,2,1,3,3,1,1,4,1,4,4,5,3,3,3
2025_338,3,5,4,4,1,5,1,5,1,2,3,3,4,2,3,4,2,3,1,5,3
2025_339,2,4,2,4,2,4,3,1,3,1,3,3,2,5,4,4,4,1,4,4,3
2025_340,2,3,4,5,4,1,1,1,4,2,5,4,2,2,4,4,2,2,2,4,3
2025_341,2,1,4,1,3,4,3,2,2,5,2,3,2,4,2,5,2,3,3,2,3
2025_342,3,3,5,4,5,1,5,2,4,2,1,4,3,5,2,1,3,5,3,5,3
2025_343,4,3,3,3,4,1,5,3,4,1,5,4,5,3,1,4,1,3,1,1,3
2025_344,2,1,5,4,2,4,4,3,3,2,3,3,3,4,2,4,5,4,5,1,3
2025_345,1,5,5,4,5,2,1,1,5,3,3,5,2,3,5,2,2,4,2,3,3
2025_346,3,5,5,2,1,4,1,2,2,1,4,1,5,3,5,3,2,4,1,4,3
2025_347,1,5,5,1,4,1,2,5,2,5,5,3,2,2,3,4,2,1,3,2,3
2025_348,4,2,5,1,3,5,4,5,5,4,5,3,2,5,3,2,2,5,3,5,4
2025_349,4,2,5,2,3,1,5,5,2,3,4,3,5,4,3,1,2,3,3,1,3
2025_350,5,2,3,4,3,2,3,1,3,3,4,1,1,3,4,3,3,2,2,4,3
2025_351,5,2,5,1,2,2,4,5,2,2,4,4,5,1,1,3,2,5,2,5,3
2025_352,5,5,2,4,2,5,3,1,5,3,4,5,3,5,2,3,2,2,3,1,3
2025_353,3,1,5,5,3,5,4,2,2,1,5,1,2,2,5,4,4,5,5,1,3
2025_354,5,4,5,1,1,1,1,3,5,2,5,3,1,3,4,4,5,5,2,2,3
2025_355,4,1,3,2,2,1,1,5,3,1,2,2,4,1,5,3,5,2,5,2,3
2025_356,2,2,2,2,4,5,4,4,1,1,1,3,1,5,4,5,1,3,3,4,3
2025_357,5,2,5,1,2,3,4,4,3,1,3,1,2,3,1,2,3,4,3,5,3
2025_358,3,5,2,3,2,2,1,2,2,3,3,4,1,2,1,5,2,1,4,4,3
2025_359,2,5,4,4,5,1,4,3,4,1,1,2,3,1,5,3,3,5,4,5,3
2025_360,5,4,4,4,4,4,5,2,2,1,2,2,5,4,4,5,2,5,1,4,3
2025_361,3,1,1,5,2,4,3,1,3,2,2,3,4,2,3,1,3,3,5,2,3
2025_362,4,4,5,4,3,5,1,2,2,2,3,1,5,5,2,1,1,1,4,4,3
2025_363,2,1,1,5,5,2,1,2,5,5,4,2,2,1,1,4,3,3,3,2,3
2025_364,2,5,2,2,2,4,2,1,1,5,4,1,4,4,5,4,2,4,5,5,3
2025_365,5,1,2,1,3,2,4,5,3,2,1,5,1,2,2,3,4,1,3,5,3
2025_366,4,3,1,2,5,1,4,4,2,2,5,5,2,2,4,2,3,1,2,5,3
2025_367,3,5,3,2,1,5,3,4,2,1,2,4,1,4,2,3,2,2,2,5,3
2025_368,4,4,4,5,3,2,3,5,4,2,1,1,3,4,1,3,5,3,3,3,3
2025_369,2,3,3,2,2,5,4,1,1,3,5,3,1,2,4,5,2,4,5,5,3
2025_370,1,2,5,5,4,1,3,1,3,2,2,5,2,5,1,2,1,1,2,1,2
2025_371,2,2,2,3,1,4,2,1,5,2,2,4,3,3,2,1,5,5,1,2,3
2025_372,5,3,1,4,2,1,5,2,3,2,2,3,3,2,3,1,3,3,2,1,3
2025_373,4,4,5,3,3,1,4,5,1,3,4,5,2,4,5,1,2,5,5,3,3
2025_374,4,3,2,5,3,4,2,1,3,2,1,3,2,2,3,2,5,3,2,1,3
2025_375,1,5,3,2,2,1,5,1,1,5,3,2,3,4,4,4,5,1,3,2,3
2025_376,4,3,4,4,2,5,1,5,3,5,3,3,1,2,1,5,3,4,4,3,3
2025_377,1,2,1,3,3,2,5,5,2,5,4,5,5,5,4,5,4,2,1,2,3
2025_378,1,2,1,1,3,1,1,3,5,5,3,4,1,1,3,3,4,5,2,5,3
2025_379,1,3,4,5,4,5,1,2,4,4,2,4,4,5,5,2,1,4,1,2,3
2025_380,2,5,4,3,2,4,1,5,1,2,2,1,2,4,2,5,4,3,2,2,3
2025_381,5,5,1,1,1,5,1,1,3,1,2,5,4,3,5,5,2,1,2,1,3
2025_382,1,5,1,3,3,3,5,2,4,1,4,2,2,5,3,3,2,5,5,1,3
2025_383,3,2,4,3,1,5,2,3,4,1,1,3,4,1,2,1,4,5,5,3,3
2025_384,4,1,1,5,5,2,5,2,1,2,2,3,5,2,1,4,2,5,3,1,3
2025_385,3,4,2,2,5,2,1,4,3,4,2,3,5,4,3,3,3,1,4,3,3
2025_386,4,3,5,5,5,2,3,2,4,2,4,4,4,2,3,2,3,3,4,2,3
2025_387,3,5,3,5,2,2,2,3,1,3,3,4,4,3,5,4,3,1,5,2,3
2025_388,3,3,5,4,4,4,2,5,5,4,4,1,1,3,3,5,5,2,2,1,3
2025_389,3,1,1,3,2,3,4,4,4,5,2,2,5,1,4,4,1,3,3,2,3
2025_390,5,2,3,1,2,4,4,1,3,4,4,5,2,3,2,3,4,5,2,4,3
2025_391,3,2,2,4,2,5,5,4,3,4,5,1,1,2,2,1,5,2,4,4,3
2025_392,5,2,4,2,2,4,1,4,5,3,4,2,2,4,3,4,3,3,5,2,3
2025_393,2,3,2,1,3,2,1,5,2,1,4,4,1,3,3,2,4,3,3,4,3
2025_394,5,3,1,2,3,3,5,1,2,3,2,4,3,3,4,5,3,2,1,2,3
2025_395,5,1,2,2,4,5,4,1,4,5,3,3,1,3,4,1,5,1,1,2,3
2025_396,2,1,3,2,5,4,2,1,3,4,2,3,3,3,1,5,3,4,2,4,3
2025_397,1,1,4,5,1,1,4,1,5,5,5,2,5,5,2,3,1,5,1,4,3
2025_398,1,2,1,1,1,3,3,4,2,1,1,1,1,3,4,5,2,1,4,5,2
2025_399,4,3,5,4,3,4,4,5,3,1,2,5,3,4,3,2,2,1,1,2,3
2025_400,5,5,4,1,4,1,2,5,5,2,4,4,3,1,4,2,4,5,1,3,3
2025_401,1,5,5,5,5,2,3,5,5,4,3,1,3,3,3,5,5,2,1,4,4
2025_402,3,1,1,2,4,3,4,2,5,1,3,5,2,4,1,3,5,5,1,4,3
2025_403,2,4,4,4,1,1,2,4,1,2,2,4,3,4,3,2,1,5,2,1,3
2025_404,2,4,3,2,1,4,5,4,3,4,5,1,2,3,5,3,4,3,5,2,3
2025_405,2,3,1,3,4,2,2,2,1,1,5,3,3,4,2,1,4,4,1,3,3
2025_406,2,3,4,2,5,4,3,3,3,1,4,2,3,3,1,2,4,5,1,4,3
2025_407,5,3,3,2,5,3,3,2,4,3,1,1,4,5,2,1,1,4,5,5,3
2025_408,4,1,2,1,5,1,2,3,1,4,3,4,4,4,1,5,3,2,5,1,3
2025_409,4,2,3,5,5,2,1,3,2,4,3,5,2,5,5,5,1,5,4,4,4
2025_410,3,5,5,2,1,3,5,2,1,3,3,5,3,2,3,4,2,1,1,5,3
2025_411,5,4,1,1,1,1,3,2,2,4,3,1,1,5,5,4,1,4,3,2,3
2025_412,1,3,1,5,4,5,2,5,1,5,1,2,5,4,4,4,5,5,5,1,3
2025_413,2,4,1,4,1,5,4,5,4,3,1,3,1,2,4,2,2,1,3,5,3
2025_414,1,5,2,5,3,1,3,3,1,3,4,4,4,5,3,1,1,5,1,4,3
2025_415,3,1,1,2,2,2,3,4,4,4,3,3,2,1,5,5,1,2,1,1,2
2025_416,5,2,3,5,3,2,1,4,4,2,4,3,4,2,2,3,4,4,1,5,3
2025_417,2,1,2,1,5,1,2,4,2,3,3,3,3,5,4,4,2,1,2,2,3
2025_418,2,2,4,1,2,4,2,3,2,2,5,3,1,2,1,3,2,5,4,5,3
2025_419,5,4,4,4,2,1,1,4,5,3,4,5,5,2,2,1,1,3,3,3,3
2025_420,3,5,5,1,2,2,4,5,3,3,4,2,3,2,4,2,2,2,3,1,3
2025_421,5,2,2,2,1,4,3,1,2,1,1,1,4,5,3,4,4,5,4,1,3
2025_422,1,2,4,2,3,1,3,5,1,3,5,3,5,5,1,2,5,5,1,2,3
2025_423,4,4,2,3,1,2,4,5,4,5,1,5,2,5,3,2,1,2,3,1,3
2025_424,4,3,1,5,2,1,2,5,1,4,3,1,5,1,2,1,4,1,3,1,2
2025_425,2,1,4,5,1,1,3,4,5,2,1,5,2,4,4,5,2,4,5,4,3
2025_426,4,4,3,2,5,5,2,2,2,2,1,5,1,4,4,5,4,2,1,2,3
2025_427,4,1,2,5,2,4,1,5,1,5,1,4,5,3,1,1,2,5,3,4,3
2025_428,2,3,5,3,1,1,2,5,5,3,2,5,1,3,4,1,2,5,1,4,3
2025_429,4,2,1,3,1,4,2,2,3,2,2,2,2,2,4,1,5,2,5,5,3
2025_430,4,2,5,2,3,3,3,5,3,4,4,5,2,1,2,2,2,2,1,3,3
2025_431,2,4,5,5,4,2,1,3,5,3,1,5,3,1,3,2,1,3,2,2,3
2025_432,1,4,5,1,2,2,1,4,5,3,1,5,5,2,3,1,2,2,4,5,3
2025_433,1,1,1,2,4,3,2,3,4,5,1,3,2,3,5,1,3,5,2,4,3
2025_434,2,1,2,2,2,2,1,5,3,4,3,3,4,1,4,1,3,1,5,4,3
2025_435,5,3,4,3,5,3,4,4,3,4,4,3,5,4,4,4,4,3,5,5,4
2025_436,1,4,4,1,5,2,2,5,4,2,3,3,1,5,5,2,4,5,2,2,3
2025_437,5,2,1,1,5,4,1,1,5,3,2,1,3,4,3,5,4,4,3,5,3
2025_438,1,3,1,3,1,3,4,2,4,1,5,4,2,1,4,3,5,1,4,1,3
2025_439,3,2,4,1,1,1,2,1,5,5,1,5,4,5,1,3,4,2,1,2,3
2025_440,3,2,1,1,3,1,3,3,1,5,3,1,5,3,5,4,4,5,3,1,3
2025_441,2,1,2,2,3,5,1,5,4,3,3,4,1,4,1,2,3,1,5,5,3
2025_442,3,4,4,1,4,3,1,2,4,4,1,5,4,3,4,2,4,5,4,1,3
2025_443,4,5,1,3,1,2,1,3,4,1,1,1,1,3,5,5,1,3,3,1,2
2025_444,2,1,2,1,2,2,1,2,4,5,3,2,2,3,2,3,1,4,4,5,3
2025_445,2,5,1,4,1,1,2,1,4,5,4,2,4,3,5,3,3,2,1,3,3
2025_446,4,1,4,4,1,1,4,2,5,5,2,1,4,5,4,2,4,2,1,2,3
2025_447,2,5,4,5,3,2,3,5,4,5,4,4,1,2,5,4,5,5,4,3,4
2025_448,2,2,1,1,1,2,3,2,2,2,2,3,1,5,1,1,5,2,3,3,2
2025_449,1,5,4,2,1,3,5,5,1,4,3,1,4,5,2,3,3,4,1,5,3
2025_450,4,2,2,2,4,5,3,1,3,5,3,4,2,5,5,3,4,3,3,5,3
2025_451,3,2,3,2,5,4,2,4,4,2,5,1,4,4,5,5,3,5,4,2,3
2025_452,1,3,2,1,1,1,2,3,3,1,2,1,5,3,4,1,5,3,2,3,2
2025_453,2,2,1,1,3,5,3,4,2,2,1,5,1,4,3,3,5,1,1,4,3
2025_454,3,1,5,3,4,5,2,4,5,1,2,4,1,2,3,1,5,4,2,1,3
2025_455,3,4,4,1,3,2,1,2,4,2,3,5,3,2,1,4,5,1,1,3,3
2025_456,2,3,2,3,1,4,2,5,5,1,3,3,1,5,5,3,2,4,2,5,3
2025_457,2,4,2,2,2,2,1,5,4,5,1,1,1,1,2,5,3,4,1,5,3
2025_458,1,1,1,1,1,4,5,1,1,1,1,2,2,3,1,3,4,3,5,2,2
2025_459,2,1,1,4,4,5,1,1,4,4,4,2,3,3,1,2,4,1,2,5,3
2025_460,2,1,3,4,5,2,1,1,4,1,1,4,5,3,3,2,5,2,3,4,3
2025_461,1,3,5,3,5,5,5,2,4,3,4,1,3,4,4,1,5,3,3,1,3
2025_462,5,3,3,3,5,1,3,4,5,2,1,4,3,2,1,5,2,2,4,1,3
2025_463,4,4,3,5,2,1,5,5,1,5,3,5,3,2,2,4,3,2,5,1,3
2025_464,1,3,4,5,3,1,3,5,2,5,2,2,2,3,1,3,1,5,4,5,3
2025_465,3,3,1,3,2,3,1,1,2,1,4,5,3,4,3,4,3,2,1,1,2
2025_466,2,4,5,4,1,5,3,5,4,2,3,4,3,5,1,4,2,5,4,2,3
2025_467,4,5,4,3,5,4,1,4,3,2,2,2,1,3,5,2,3,4,1,3,3
2025_468,3,5,3,5,1,1,4,5,5,2,2,4,1,2,3,1,3,5,1,4,3
2025_469,5,5,3,5,2,1,2,3,3,1,5,4,3,1,4,5,3,1,1,1,3
2025_470,3,4,1,5,1,4,3,1,1,5,5,1,1,5,4,2,2,1,5,3,3
2025_471,3,2,4,2,1,4,3,5,5,1,2,1,5,3,5,4,5,5,4,2,3
2025_472,5,1,5,1,4,5,4,4,2,5,1,1,5,2,2,2,1,4,2,1,3
2025_473,1,4,5,5,2,2,4,2,4,1,2,1,3,4,3,2,1,2,3,2,3
2025_474,5,3,2,1,2,1,5,2,5,3,1,3,1,5,4,2,5,1,1,1,3
2025_475,1,2,3,4,2,1,2,5,1,4,1,4,4,3,3,2,2,4,1,5,3
2025_476,5,1,1,3,5,4,2,3,5,1,5,4,3,1,4,2,3,4,4,1,3
2025_477,2,4,3,4,5,3,3,4,1,3,5,1,1,1,3,1,4,1,5,2,3
2025_478,5,3,1,1,4,1,5,3,2,1,2,1,3,5,3,2,1,2,5,3,3
2025_479,2,2,5,1,2,5,1,1,3,5,1,3,4,5,4,1,5,3,1,5,3
2025_480,5,4,1,3,3,1,1,2,4,1,1,2,2,5,3,4,5,1,2,3,3
2025_481,5,3,2,5,5,3,2,1,5,1,2,5,5,1,4,1,1,4,2,2,3
2025_482,5,3,3,5,3,1,1,4,4,5,5,5,1,3,5,5,1,1,1,3,3
2025_483,5,2,2,5,5,5,5,3,2,4,2,2,1,5,5,5,1,3,3,4,3
2025_484,3,3,5,2,3,3,1,4,1,5,2,4,1,3,3,4,3,1,1,3,3
2025_485,3,5,2,4,1,4,5,1,5,5,3,4,4,3,4,3,1,5,5,4,4
2025_486,2,5,3,2,2,5,5,5,3,2,4,3,1,5,2,3,1,3,3,4,3
2025_487,4,3,1,2,2,5,5,2,3,3,4,4,5,2,3,2,1,2,1,4,3
2025_488,4,5,2,2,1,4,1,4,1,4,1,4,1,2,5,1,5,2,2,4,3
2025_489,5,3,4,5,1,1,2,3,1,5,5,1,5,5,2,3,2,3,5,3,3
2025_490,5,5,2,2,4,1,4,4,3,5,5,5,1,3,3,5,4,1,4,2,3
2025_491,3,3,4,1,3,4,1,4,1,5,1,2,5,4,5,5,4,4,2,4,3
2025_492,3,3,2,1,1,3,4,2,1,1,5,3,4,2,1,5,3,3,2,1,2
2025_493,2,2,5,3,4,3,3,5,4,1,4,1,4,2,4,5,1,3,5,1,3
2025_494,1,3,2,5,3,3,2,5,3,2,5,4,1,2,1,4,3,3,5,2,3
2025_495,2,5,1,3,3,2,2,5,4,1,4,4,2,2,2,4,1,2,3,1,3
2025_496,3,1,2,5,2,4,4,1,4,2,3,2,1,4,3,5,3,3,2,5,3
2025_497,1,1,3,3,4,5,3,4,5,1,4,5,4,3,2,1,3,3,5,4,3
2025_498,1,3,5,1,4,3,3,3,1,1,1,1,5,2,5,3,5,4,1,4,3
2025_499,4,3,1,4,3,1,2,3,5,1,4,4,5,5,4,1,3,5,5,5,3
2025_500,2,1,1,1,1,1,4,5,4,2,3,5,2,4,3,2,3,2,4,3,3
2025_501,2,4,5,4,4,5,4,5,5,5,2,3,2,5,3,3,5,3,3,2,4
2025_502,3,5,1,1,1,5,1,2,5,5,5,3,3,3,4,2,5,5,3,5,3
2025_503,5,1,5,4,3,2,2,1,2,2,3,3,4,1,2,4,1,2,2,3,3
2025_504,5,1,2,1,4,4,5,2,3,2,1,4,1,5,4,3,4,2,2,4,3
2025_505,5,2,2,3,4,2,5,1,4,3,2,5,4,5,5,3,4,2,3,2,3
2025_506,1,5,1,5,3,2,2,3,4,1,1,2,2,2,3,4,1,5,3,1,3
2025_507,4,3,1,3,1,1,4,5,4,1,3,4,5,1,4,4,4,4,3,5,3
2025_508,5,1,2,3,1,1,4,2,2,3,2,1,2,2,5,1,2,2,4,2,2
2025_509,2,5,1,3,1,4,1,2,4,1,4,3,1,2,4,5,4,5,2,3,3
2025_510,5,3,4,2,5,4,1,4,3,2,2,4,1,3,4,4,2,3,1,2,3
2025_511,4,2,2,5,2,2,3,2,1,4,3,2,1,4,3,1,2,5,5,3,3
2025_512,1,4,1,5,3,2,1,5,4,3,2,1,4,2,5,5,4,5,3,4,3
2025_513,5,1,5,3,2,2,5,2,5,3,2,1,5,2,3,3,1,3,3,2,3
2025_514,5,4,3,3,4,3,2,2,4,3,3,5,3,2,1,1,1,1,3,3,3
2025_515,5,3,1,4,4,2,2,3,4,1,1,1,3,3,5,1,1,3,3,5,3
2025_516,5,2,4,1,1,5,5,2,4,2,4,1,2,5,2,2,1,5,5,3,3
2025_517,3,3,1,2,5,5,2,5,2,1,1,1,2,2,4,5,5,4,4,1,3
2025_518,4,2,3,2,4,5,2,5,2,5,2,5,3,1,2,3,1,2,3,3,3
2025_519,3,4,5,1,5,5,5,3,5,4,2,3,1,2,2,2,5,5,3,5,4
2025_520,5,5,3,3,4,4,4,4,2,2,4,4,1,2,1,1,5,3,2,4,3
2025_521,4,3,2,4,4,5,1,4,2,3,5,2,5,1,4,2,3,1,1,5,3
2025_522,1,2,5,1,3,2,3,3,5,4,5,2,2,5,4,5,2,4,2,4,3
2025_523,4,5,5,5,4,4,2,3,5,2,2,1,5,2,1,5,4,1,4,3,3
2025_524,3,3,3,2,3,2,2,5,2,2,3,2,4,3,1,3,2,4,3,4,3
2025_525,1,1,5,5,3,5,4,5,4,5,5,5,2,2,5,4,3,1,2,5,4
2025_526,1,2,3,4,5,3,2,5,1,4,2,4,5,3,4,1,2,1,4,3,3
2025_527,3,1,5,5,3,1,1,1,4,5,5,4,2,4,1,4,1,3,1,5,3
2025_528,4,1,2,3,2,2,2,3,3,3,3,2,5,5,3,4,1,4,4,4,3
2025_529,5,1,4,3,5,3,3,4,3,1,3,4,3,5,5,5,2,5,5,2,4
2025_530,5,4,5,5,2,4,3,1,4,3,4,3,3,4,2,4,4,3,1,3,3
2025_531,5,4,4,2,3,2,4,3,3,5,5,1,5,3,5,1,4,5,3,4,4
2025_532,3,4,3,5,5,1,4,1,2,5,4,1,1,2,1,3,5,1,1,2,3
2025_533,3,1,5,5,1,3,5,5,3,3,1,4,2,4,4,5,3,5,2,1,3
2025_534,2,5,5,5,5,4,1,4,5,3,4,5,5,1,2,4,4,4,5,1,4
2025_535,5,5,3,1,4,2,4,5,1,1,1,3,4,3,2,5,3,3,5,1,3
2025_536,5,4,5,1,5,3,2,3,2,5,4,5,1,5,2,3,4,5,5,3,4
2025_537,4,5,5,2,2,1,3,4,5,5,1,5,3,1,3,1,5,1,2,4,3
2025_538,5,4,5,4,2,4,1,4,5,3,4,4,4,5,4,5,5,3,1,5,4
2025_539,2,4,2,4,3,5,1,5,4,1,5,1,4,3,3,5,2,4,5,5,3
2025_540,3,1,4,1,4,2,3,2,5,3,5,2,4,5,1,4,4,2,2,3,3
2025_541,3,1,4,1,1,2,1,1,5,3,3,4,3,4,5,3,5,3,3,5,3
2025_542,1,1,1,1,3,2,5,2,2,4,1,3,1,1,2,4,1,5,5,1,2
2025_543,2,2,3,4,2,3,5,5,5,1,4,3,4,1,3,3,2,4,4,2,3
2025_544,5,1,4,2,3,2,5,1,5,3,3,3,3,2,3,3,2,3,5,5,3
2025_545,4,5,1,1,1,2,5,1,4,2,4,5,3,4,3,2,4,4,2,2,3
2025_546,1,5,4,4,2,2,5,2,3,3,3,3,5,4,3,2,3,5,2,3,3
2025_547,4,2,2,4,2,3,2,3,4,1,4,3,5,4,5,5,3,3,1,2,3
2025_548,4,3,4,5,2,1,4,2,1,4,2,3,4,2,1,2,3,4,4,4,3
2025_549,3,1,4,1,2,1,1,4,5,5,3,3,5,2,4,4,2,2,5,3,3
2025_550,2,3,1,4,5,4,5,1,4,1,5,2,4,1,4,4,4,3,1,1,3
2025_551,4,2,4,3,5,3,2,4,1,4,2,1,3,5,5,4,3,2,5,3,3
2025_552,4,1,4,4,3,5,3,1,3,2,4,5,1,4,3,2,3,4,1,5,3
2025_553,4,1,4,2,3,5,1,5,5,5,1,1,5,3,4,5,2,5,1,4,3
2025_554,2,4,4,2,5,5,5,3,5,2,3,5,3,2,5,1,2,4,4,2,3
2025_555,4,2,1,2,5,5,3,4,4,2,4,5,1,2,4,5,3,4,1,1,3
2025_556,4,4,5,4,3,5,2,3,5,5,1,5,3,4,3,2,5,5,5,5,4
2025_557,1,1,4,5,2,4,5,1,2,4,2,5,3,2,2,1,5,2,5,1,3
2025_558,5,1,1,4,5,3,4,1,3,2,2,4,3,5,3,4,5,5,2,3,3
2025_559,5,4,2,5,3,2,3,3,3,2,5,1,5,2,1,1,1,4,2,4,3
2025_560,1,4,4,2,3,4,4,1,1,1,5,4,1,2,5,3,4,4,2,3,3
2025_561,3,5,4,1,2,2,2,2,1,1,5,4,1,5,3,4,1,3,5,1,3
2025_562,1,3,1,2,1,4,3,4,5,4,2,2,4,5,1,2,4,4,4,1,3
2025_563,3,5,3,5,5,4,2,4,1,5,2,5,5,4,2,2,5,2,2,4,4
2025_564,3,1,3,2,5,1,1,5,1,5,1,3,1,4,5,1,5,4,1,1,3
2025_565,4,4,4,5,4,5,3,1,1,2,3,4,4,3,4,2,5,1,3,1,3
2025_566,5,3,5,4,4,4,5,5,5,1,5,4,2,5,2,4,5,1,1,2,4
2025_567,1,1,1,4,1,3,5,1,1,1,3,1,1,5,3,3,1,3,2,3,2
2025_568,3,3,4,4,4,3,2,3,1,2,4,5,2,4,2,2,3,1,5,4,3
2025_569,2,5,2,1,5,4,2,1,5,2,2,4,1,3,2,5,4,4,2,2,3
2025_570,2,3,2,1,5,2,3,5,4,2,5,4,3,1,2,1,3,5,5,3,3
2025_571,3,2,4,1,1,5,5,2,3,1,2,5,5,1,5,5,4,3,5,4,3
2025_572,2,5,2,5,1,4,4,1,3,4,2,4,3,2,2,1,5,1,5,1,3
2025_573,5,4,2,5,4,3,1,3,4,3,3,4,2,5,1,5,1,5,3,2,3
2025_574,3,2,4,1,1,4,5,4,4,2,4,1,3,2,2,5,3,2,4,2,3
2025_575,2,2,5,2,2,5,3,1,5,5,2,2,1,2,4,2,2,4,1,4,3
2025_576,5,4,3,5,2,5,1,1,4,5,2,1,2,3,1,4,3,5,2,1,3
2025_577,3,3,1,5,5,4,5,4,3,1,5,4,3,5,2,3,5,3,1,1,3
2025_578,1,2,1,2,1,3,5,5,1,5,1,1,4,4,4,2,4,1,3,4,3
2025_579,4,3,1,2,4,3,1,5,2,3,3,3,4,5,2,1,1,5,3,3,3
2025_580,3,3,3,5,4,2,3,4,1,5,4,3,3,3,4,3,4,3,1,1,3
2025_581,2,3,3,4,4,3,2,3,4,3,4,3,5,4,2,5,3,4,5,2,3
2025_582,4,5,5,5,1,3,4,4,4,5,3,2,4,3,3,1,4,5,3,3,4
2025_583,2,1,3,3,5,5,2,2,2,5,5,1,4,4,1,4,5,4,5,1,3
2025_584,2,1,4,5,4,4,2,4,2,5,5,2,1,5,1,5,5,3,4,4,3
2025_585,1,4,1,5,3,3,5,2,2,4,1,3,4,5,3,1,1,2,4,5,3
2025_586,3,1,3,5,3,4,2,3,2,5,2,3,3,1,3,2,1,3,3,5,3
2025_587,1,5,5,5,4,5,2,3,4,5,3,1,1,3,2,3,3,4,1,1,3
2025_588,5,3,3,2,1,2,4,5,2,1,4,3,4,2,1,2,3,3,1,5,3
2025_589,4,4,3,2,2,5,2,4,2,5,4,2,4,3,3,3,2,5,4,1,3
2025_590,3,3,1,1,2,4,3,5,2,2,5,5,5,1,3,1,3,1,4,3,3
2025_591,2,3,3,3,4,1,2,1,1,5,4,5,4,1,1,4,1,1,2,5,3
2025_592,5,5,3,2,5,5,2,1,5,1,5,4,3,5,4,2,4,2,5,2,4
2025_593,4,3,1,1,3,1,5,5,4,4,2,4,5,4,1,2,2,5,4,1,3
2025_594,4,3,4,5,4,2,1,5,3,1,1,2,2,2,5,4,1,4,4,2,3
2025_595,4,1,1,3,5,4,5,5,5,5,1,4,3,5,3,1,1,2,5,2,3
2025_596,3,4,2,1,5,3,1,4,5,4,4,5,5,4,3,5,1,2,3,5,3
2025_597,5,3,2,4,1,5,2,1,3,5,4,3,5,2,1,1,5,3,4,2,3
2025_598,5,2,1,4,2,5,4,3,5,2,4,5,4,4,4,2,5,1,1,2,3
2025_599,2,4,5,5,3,3,1,3,3,1,1,3,5,3,4,4,4,2,4,5,3
2025_600,2,2,4,3,1,3,3,2,2,2,5,5,1,2,4,2,5,2,5,2,3
2025_601,4,1,4,5,3,4,2,1,2,2,4,1,3,2,1,3,2,1,4,2,3
2025_602,2,1,2,3,2,5,3,1,3,5,5,2,2,4,3,4,5,2,2,2,3
2025_603,1,5,2,5,2,3,5,4,1,4,5,2,5,1,5,2,4,3,4,2,3
2025_604,2,1,5,5,4,3,3,1,2,1,5,2,1,4,5,3,1,5,5,3,3
2025_605,3,3,1,3,4,5,3,5,2,2,3,5,2,3,5,3,5,2,3,2,3
2025_606,3,1,2,2,4,2,5,3,1,5,5,5,5,1,4,2,5,2,2,5,3
2025_607,4,2,3,2,5,1,2,4,3,3,1,1,2,5,4,3,1,4,5,3,3
2025_608,3,5,3,5,3,2,5,4,2,4,3,4,2,5,1,4,1,4,4,5,3
2025_609,3,2,2,2,3,1,2,1,3,3,5,2,5,2,3,3,4,4,3,3,3
2025_610,1,1,5,4,4,3,3,5,4,1,2,5,2,1,1,2,5,2,5,5,3
2025_611,3,4,4,1,3,4,5,5,2,2,5,5,2,4,1,2,4,4,4,3,3
2025_612,3,4,5,3,2,3,5,1,3,4,4,4,1,5,2,5,1,4,5,2,3
2025_613,4,2,3,2,4,3,4,4,3,2,1,1,1,1,5,1,3,1,4,1,2
2025_614,2,3,3,5,4,3,2,1,3,2,1,5,3,3,2,4,5,4,3,4,3
2025_615,1,5,4,1,2,4,5,1,4,2,4,1,4,5,3,1,1,1,1,4,3
2025_616,5,2,5,1,4,4,1,4,1,5,3,4,1,1,4,2,1,4,1,2,3
2025_617,3,2,5,4,2,3,1,4,2,3,2,5,4,1,3,2,4,2,4,5,3
2025_618,2,5,3,5,4,3,2,2,4,1,1,2,4,1,5,2,5,4,5,1,3
2025_619,1,3,2,4,2,5,4,4,1,5,1,1,3,1,2,4,1,2,5,4,3
2025_620,5,2,5,5,5,1,1,1,4,2,1,5,5,5,5,3,4,2,2,1,3
2025_621,3,2,4,5,1,4,2,3,1,2,1,2,5,3,5,2,4,5,4,2,3
2025_622,3,4,2,4,5,2,5,1,2,4,1,5,5,4,1,3,4,5,2,1,3
2025_623,3,2,1,4,4,1,3,1,2,2,4,1,4,3,2,5,5,1,1,5,3
2025_624,1,2,3,3,4,2,1,1,4,4,1,1,2,4,2,1,5,5,1,4,3
2025_625,5,4,5,4,5,4,2,4,2,2,1,2,3,2,4,2,4,4,3,2,3
2025_626,2,5,5,1,4,3,5,2,1,3,2,2,4,4,5,5,2,2,5,5,3
2025_627,2,3,2,3,3,2,1,5,4,2,3,2,5,3,4,4,4,1,3,3,3
2025_628,1,3,1,2,5,4,1,1,1,2,1,5,5,4,2,5,3,3,3,1,3
2025_629,1,3,4,4,1,3,4,1,3,2,3,3,5,5,2,2,3,4,2,3,3
2025_630,1,5,4,3,1,5,1,3,2,5,1,2,4,3,3,5,1,4,5,5,3
2025_631,1,4,1,3,2,3,3,5,3,4,3,4,1,5,4,3,5,5,4,4,3
2025_632,2,2,5,2,3,1,5,1,2,4,5,2,3,5,5,4,5,4,2,3,3
2025_633,3,5,5,2,4,3,4,2,3,3,1,2,2,1,4,1,2,4,3,1,3
2025_634,4,4,4,1,3,4,1,2,1,1,1,4,1,2,4,2,5,1,4,4,3
2025_635,1,3,3,2,1,1,5,3,3,1,2,1,2,3,5,4,3,2,1,3,2
2025_636,5,2,1,4,2,1,4,1,4,4,4,1,4,2,5,5,4,5,5,4,3
2025_637,4,2,3,1,4,4,5,2,5,4,4,5,4,3,1,1,1,3,4,5,3
2025_638,2,4,3,3,1,4,1,2,1,2,3,1,1,5,3,5,2,2,3,2,2
2025_639,3,2,4,1,4,3,3,4,1,1,5,2,5,1,4,2,4,5,3,4,3
2025_640,5,5,5,3,3,3,2,3,3,3,4,3,2,5,4,1,3,5,5,4,4
2025_641,1,2,5,5,5,5,4,1,5,2,2,3,5,5,5,5,5,2,1,1,3
2025_642,3,2,5,1,4,4,4,5,5,3,3,3,4,5,4,3,5,2,1,1,3
2025_643,3,4,2,5,4,3,4,3,1,1,4,2,5,3,5,1,2,2,5,1,3
2025_644,5,4,2,2,4,1,2,3,3,1,4,5,1,5,1,3,4,3,4,5,3
2025_645,1,2,2,4,4,3,2,3,5,2,5,1,3,4,2,3,4,1,2,5,3
2025_646,1,4,2,2,1,2,4,1,5,1,1,5,4,3,3,5,4,2,5,3,3
2025_647,4,1,4,4,3,3,2,2,5,1,2,3,4,5,2,4,4,2,1,1,3
2025_648,5,1,5,3,2,4,5,1,5,5,1,1,2,4,2,2,1,1,4,5,3
2025_649,2,4,2,5,2,3,4,1,2,4,4,2,1,1,2,4,1,2,2,2,2
2025_650,4,1,4,3,1,4,1,3,5,2,4,3,3,1,1,2,1,4,4,4,3
2025_651,5,4,1,1,4,3,3,3,2,5,4,2,3,4,2,1,3,2,1,3,3
2025_652,5,3,5,5,5,4,4,5,1,5,2,5,4,4,2,2,3,1,1,1,3
2025_653,4,1,3,3,1,2,3,2,4,3,2,1,4,5,5,1,4,4,4,4,3
2025_654,5,2,4,2,4,3,3,3,4,2,5,1,5,4,3,3,2,4,5,4,3
2025_655,4,3,5,1,3,5,2,3,2,3,4,5,2,3,2,3,3,1,1,1,3
2025_656,2,4,3,5,1,2,2,2,5,5,1,5,1,5,5,5,1,3,1,3,3
2025_657,2,2,1,3,3,3,2,1,4,3,3,4,1,3,1,3,5,3,5,1,3
2025_658,3,2,2,4,2,5,2,2,2,3,4,1,4,5,3,3,2,2,5,3,3
2025_659,1,4,3,1,1,4,1,5,1,5,1,2,1,5,1,1,1,5,1,4,2
2025_660,4,5,2,4,3,4,3,5,2,3,3,4,3,5,5,5,4,2,4,5,4
2025_661,4,5,1,1,3,2,1,5,4,4,3,4,1,4,1,1,2,3,5,1,3
2025_662,3,5,4,3,3,3,4,4,3,2,1,4,2,4,3,2,5,1,1,4,3
2025_663,1,5,2,2,3,2,4,5,3,4,4,4,1,4,1,2,1,4,5,5,3
2025_664,2,4,1,5,3,4,4,3,5,3,2,1,1,5,3,4,4,4,2,2,3
2025_665,4,5,2,2,1,1,5,2,2,3,5,5,3,3,1,5,5,3,4,4,3
2025_666,1,4,4,4,2,1,3,4,2,4,2,1,4,2,5,5,2,4,4,1,3
2025_667,1,3,1,4,3,1,2,5,1,1,2,4,2,1,4,3,1,2,3,5,2
2025_668,3,2,3,2,1,4,5,4,4,4,2,2,5,2,2,2,2,1,5,2,3
2025_669,5,3,1,2,1,1,3,5,1,4,3,4,3,4,4,1,1,3,5,1,3
2025_670,1,2,1,5,2,4,4,2,2,2,3,5,5,4,4,4,1,4,2,4,3
2025_671,2,3,1,1,5,3,2,3,1,2,3,1,2,2,1,2,1,4,4,2,2
2025_672,2,1,2,5,4,2,2,3,2,5,4,3,1,1,4,1,5,2,4,3,3
2025_673,2,1,1,3,5,3,4,3,1,5,5,3,4,1,2,5,3,4,4,1,3
2025_674,5,1,2,2,2,4,5,1,1,2,5,5,3,5,5,1,5,5,1,5,3
2025_675,1,3,4,1,1,5,1,2,2,3,1,5,5,4,3,5,4,5,4,2,3
2025_676,2,5,3,1,3,3,1,2,2,1,4,3,5,2,5,1,5,5,3,1,3
2025_677,5,2,1,2,4,5,1,2,5,3,2,2,4,3,4,3,2,4,5,3,3
2025_678,2,1,3,3,5,3,3,5,5,4,2,2,4,2,3,4,4,2,1,2,3
2025_679,1,4,1,3,5,1,5,3,5,3,5,5,2,1,5,4,2,1,2,1,3
2025_680,3,5,4,2,2,2,2,5,1,5,3,5,5,3,5,1,4,3,2,1,3
2025_681,4,1,1,2,4,1,2,3,2,5,2,2,2,1,4,2,2,5,5,3,3
2025_682,3,5,4,3,4,5,3,2,5,3,4,4,3,4,3,3,4,1,2,5,4
2025_683,2,5,5,2,3,4,1,1,1,2,2,3,1,3,1,2,4,4,4,4,3
2025_684,5,1,4,5,5,5,3,3,5,4,1,2,3,4,4,2,2,4,2,4,3
2025_685,2,2,4,5,4,1,2,3,2,1,3,3,4,5,4,3,3,5,2,5,3
2025_686,4,2,4,5,2,5,1,3,2,3,1,2,3,3,2,3,3,2,3,3,3
2025_687,4,4,1,4,4,1,3,3,4,1,3,5,2,2,2,4,2,2,5,3,3
2025_688,5,4,2,3,2,2,4,2,1,3,3,1,4,2,2,3,4,4,4,2,3
2025_689,4,1,5,4,5,2,4,3,2,1,1,5,5,3,3,1,4,1,1,3,3
2025_690,5,3,3,3,1,4,1,2,3,3,2,3,3,3,2,1,3,4,2,5,3
2025_691,2,1,2,5,4,5,2,5,2,4,4,1,4,3,5,5,2,4,1,1,3
2025_692,1,3,4,1,3,5,2,4,4,5,4,4,4,4,3,3,2,4,5,1,3
2025_693,2,1,1,4,5,1,1,2,5,5,1,5,2,2,2,4,1,5,2,1,3
2025_694,1,4,5,5,2,2,1,5,5,2,3,1,5,4,4,3,2,2,2,4,3
2025_695,2,4,3,1,5,3,4,3,5,1,5,4,5,3,2,3,4,1,5,1,3
2025_696,4,5,3,3,4,5,3,4,4,1,3,5,3,3,3,4,2,2,1,3,3
2025_697,2,1,4,3,5,4,1,4,5,4,1,5,5,4,5,4,3,5,4,3,4
2025_698,5,3,5,1,1,4,2,1,2,3,3,2,4,5,2,2,2,2,2,4,3
2025_699,1,5,1,2,1,4,3,1,5,4,3,4,2,3,5,3,5,2,5,4,3
2025_700,1,4,4,3,2,1,5,3,2,1,4,2,2,2,4,5,3,5,1,3,3
2025_701,1,4,5,2,3,2,1,2,2,4,4,5,1,4,4,5,3,5,2,2,3
2025_702,4,4,5,5,1,2,5,3,1,5,4,5,4,4,2,2,5,5,3,1,4
2025_703,1,5,2,3,1,5,2,2,2,4,2,5,3,5,2,3,1,1,5,3,3
2025_704,5,3,3,5,3,2,3,3,5,1,4,3,4,3,5,5,3,5,5,3,4
2025_705,1,3,1,5,1,5,1,1,3,1,5,3,1,3,4,3,4,4,3,5,3
2025_706,5,5,2,4,3,5,5,3,4,3,2,2,3,4,5,2,2,4,2,2,3
2025_707,4,3,5,5,2,5,3,2,5,1,1,1,1,1,2,4,4,2,2,3,3
2025_708,4,1,2,1,4,5,5,2,3,1,2,3,1,4,5,3,1,2,1,2,3
2025_709,5,5,1,1,2,2,3,3,3,1,3,1,5,4,5,1,1,4,2,2,3
2025_710,2,3,2,3,3,2,2,4,4,3,4,3,1,3,3,4,1,5,5,5,3
2025_711,1,2,1,4,3,3,4,4,3,2,2,2,4,3,3,3,1,1,5,1,3
2025_712,2,2,2,2,5,2,4,4,4,1,3,5,4,4,2,4,2,2,3,1,3
2025_713,2,2,3,2,5,1,5,4,1,4,2,3,5,4,2,5,5,4,2,3,3
2025_714,4,5,5,1,2,1,3,4,5,2,5,1,1,4,2,2,4,1,1,1,3
2025_715,5,3,1,3,3,2,4,5,3,5,2,1,3,4,2,5,1,5,4,3,3
2025_716,4,5,5,4,4,4,1,5,2,1,1,1,2,4,5,3,3,5,2,3,3
2025_717,1,3,5,1,3,5,2,5,2,1,5,4,4,4,4,4,2,5,1,4,3
2025_718,4,1,1,4,2,1,5,5,2,3,2,4,3,4,5,1,4,5,2,4,3
2025_719,5,1,4,5,4,1,4,4,5,3,4,3,2,4,3,2,5,4,5,2,4
2025_720,5,5,1,2,5,3,2,1,4,5,3,1,2,5,1,1,3,4,4,4,3
2025_721,2,1,2,1,3,3,2,2,3,5,4,4,3,4,5,5,1,2,4,5,3
2025_722,2,2,1,2,2,3,1,1,4,2,4,5,2,5,3,2,4,4,2,4,3
2025_723,2,1,4,2,2,4,1,4,2,1,5,3,4,2,1,1,5,4,1,5,3
2025_724,2,5,4,5,1,1,3,5,2,4,3,5,2,3,1,4,5,2,1,3,3
2025_725,4,3,3,2,1,5,2,4,3,4,2,2,5,3,2,4,5,4,3,5,3
2025_726,5,5,1,5,4,4,3,2,2,1,5,1,3,3,2,3,5,4,3,1,3
2025_727,5,3,3,5,3,4,2,5,1,3,2,1,1,4,2,5,2,2,1,4,3
2025_728,4,2,2,3,1,5,5,4,1,4,5,2,1,1,3,2,2,4,1,4,3
2025_729,2,3,1,2,3,5,2,5,4,5,2,5,1,2,3,5,1,4,4,5,3
2025_730,4,3,2,1,5,4,2,3,4,4,1,3,3,5,1,5,1,3,1,1,3
2025_731,1,2,2,3,1,3,2,1,5,2,2,2,1,4,5,5,3,1,2,4,3
2025_732,1,1,4,2,1,5,5,4,2,4,1,5,3,4,3,3,5,4,3,1,3
2025_733,2,2,5,4,4,2,1,2,2,4,3,1,4,2,3,1,5,1,1,2,3
2025_734,2,5,5,5,4,4,2,2,5,4,3,4,2,4,2,5,5,5,3,3,4
2025_735,2,1,3,2,4,5,5,5,2,5,3,4,5,2,4,5,1,5,3,4,4
2025_736,3,1,1,3,4,1,1,5,2,1,4,4,5,4,5,1,1,1,1,2,2
2025_737,2,1,4,5,3,5,3,3,1,3,1,2,4,3,4,1,3,5,2,2,3
2025_738,3,2,5,4,5,2,4,5,1,1,4,4,4,1,5,4,1,4,4,4,3
2025_739,1,5,1,1,4,3,3,3,1,4,3,2,2,2,5,4,1,1,4,5,3
2025_740,4,5,3,3,5,4,3,4,3,4,4,2,5,1,5,4,4,5,4,3,4
2025_741,4,5,5,5,2,2,2,2,2,2,2,5,1,2,5,1,2,1,1,3,3
2025_742,4,3,1,5,2,4,2,5,4,3,1,5,1,1,2,5,1,3,4,5,3
2025_743,2,5,2,4,3,1,5,2,4,1,4,3,1,1,1,2,1,4,2,1,2
2025_744,4,4,5,4,3,1,1,1,4,4,1,2,2,3,5,3,1,1,1,5,3
2025_745,4,5,3,4,4,3,4,2,3,3,2,5,5,5,4,2,3,3,3,4,4
2025_746,4,5,4,5,5,3,4,5,2,2,4,3,3,5,4,2,5,5,1,4,4
2025_747,5,2,1,2,3,1,1,5,3,5,4,2,2,5,2,2,4,3,1,5,3
2025_748,5,4,4,1,3,5,4,5,2,5,3,3,5,2,3,4,5,2,4,5,4
2025_749,2,4,3,5,5,3,1,4,3,5,4,4,1,5,2,1,1,2,2,1,3
2025_750,4,3,3,1,4,2,1,5,4,5,5,1,4,5,4,3,5,5,4,3,4
2025_751,5,1,4,4,5,3,5,2,5,2,1,4,4,3,5,1,2,3,1,1,3
2025_752,2,2,4,5,3,5,3,1,2,2,1,1,3,1,3,5,2,2,2,5,3
2025_753,5,4,3,3,4,2,3,3,2,1,1,4,5,3,3,4,4,3,2,2,3
2025_754,5,3,3,3,3,4,1,3,1,2,5,2,3,2,4,1,3,4,1,4,3
2025_755,2,3,2,5,3,2,3,1,3,3,1,2,3,4,3,2,1,2,5,3,3
2025_756,3,1,3,4,4,2,1,5,2,1,1,2,2,3,5,4,3,1,5,5,3
2025_757,2,5,5,1,3,5,2,3,2,5,3,5,1,3,2,1,4,2,5,2,3
2025_758,4,2,1,2,3,4,2,4,1,3,5,2,1,4,4,1,2,5,2,3,3
2025_759,2,3,4,3,5,1,3,2,3,4,3,5,3,5,2,4,1,2,2,1,3
2025_760,3,3,3,4,2,5,1,2,3,1,5,2,2,4,2,2,5,5,1,3,3
2025_761,5,1,2,1,1,1,1,5,3,1,4,2,2,2,2,2,1,3,4,5,2
2025_762,4,5,5,4,1,2,1,2,3,5,4,3,2,1,4,5,3,5,2,5,3
2025_763,1,3,3,1,5,1,4,1,5,1,2,1,1,5,4,4,5,5,5,2,3
2025_764,3,1,5,5,5,4,5,1,5,1,2,3,4,1,2,3,3,3,1,2,3
2025_765,5,2,2,2,1,1,1,2,1,3,1,4,1,1,1,1,4,5,1,3,2
2025_766,4,5,1,5,3,4,4,5,1,2,4,2,4,1,1,4,5,1,1,3,3
2025_767,1,3,1,1,5,5,1,4,4,1,4,1,5,2,3,4,4,5,4,1,3
2025_768,1,2,2,2,1,2,2,1,5,4,3,1,1,3,3,2,3,4,4,4,2
2025_769,4,4,2,1,3,1,3,2,2,5,5,2,2,3,2,1,3,2,3,3,3
2025_770,4,5,3,3,4,2,3,4,1,4,5,5,2,2,5,5,3,5,2,5,4
2025_771,2,1,5,2,4,3,2,5,5,1,4,2,4,1,3,4,1,2,3,5,3
2025_772,1,5,3,1,1,3,2,1,3,4,5,1,4,1,2,3,1,3,1,2,2
2025_773,2,4,2,3,2,1,2,3,1,4,4,4,1,4,2,1,1,1,5,3,2
2025_774,5,5,5,3,5,4,1,1,2,4,3,1,5,2,2,1,4,2,1,4,3
2025_775,1,1,4,4,4,1,2,3,3,1,1,2,4,1,5,4,1,5,2,5,3
2025_776,1,3,1,3,2,2,4,4,3,3,2,5,3,3,5,4,4,3,4,4,3
2025_777,4,2,1,3,3,2,1,1,2,5,5,1,5,5,5,1,5,3,1,2,3
2025_778,5,4,1,2,3,2,5,4,5,2,1,4,4,2,5,2,4,2,4,5,3
2025_779,1,1,2,4,1,4,5,2,4,2,4,4,5,2,3,4,4,1,2,3,3
2025_780,5,3,5,3,3,2,1,3,4,4,4,1,3,5,5,2,1,3,4,1,3
2025_781,1,3,2,2,2,4,4,3,2,3,2,1,5,5,2,3,4,2,2,4,3
2025_782,2,1,4,1,5,4,4,3,3,4,5,2,3,5,5,3,2,3,5,1,3
2025_783,3,5,3,5,2,5,4,1,5,3,3,5,4,5,2,4,5,1,4,5,4
2025_784,1,5,2,3,5,4,5,5,5,5,4,4,5,3,5,4,2,5,5,5,4
2025_785,5,1,5,4,4,1,5,3,5,4,2,2,3,5,1,5,3,3,3,2,3
2025_786,5,5,1,3,3,4,4,2,5,1,1,3,1,3,5,1,3,5,5,3,3
2025_787,3,2,5,3,5,1,4,4,3,3,5,3,5,3,5,3,2,5,2,2,3
2025_788,2,2,1,4,1,3,3,4,4,4,2,1,3,1,1,1,4,4,3,3,3
2025_789,3,1,4,2,1,5,1,4,5,1,4,4,2,1,4,3,4,2,4,1,3
2025_790,1,5,1,5,3,2,3,5,4,4,3,4,5,2,1,5,5,1,1,2,3
2025_791,2,2,4,5,1,5,5,2,2,5,2,4,1,5,1,4,2,3,4,3,3
2025_792,1,5,2,4,2,3,3,5,3,5,4,5,3,1,5,2,1,5,2,1,3
2025_793,5,4,2,4,3,5,5,2,5,3,5,1,4,3,3,4,4,3,4,2,4
2025_794,4,1,1,2,4,1,5,4,2,4,3,3,1,3,2,1,2,2,3,3,3
2025_795,2,3,3,3,4,2,5,2,1,3,3,5,1,4,2,4,1,5,1,5,3
2025_796,4,4,1,1,3,5,3,2,2,1,4,2,2,3,3,2,1,3,2,4,3
2025_797,3,2,5,3,5,3,3,5,1,2,1,1,2,4,1,1,1,4,3,5,3
2025_798,5,4,1,5,4,2,5,2,1,5,4,3,5,5,5,5,4,4,3,4,4
2025_799,4,1,1,2,3,1,3,3,5,3,5,2,2,2,5,5,2,5,4,4,3
2025_800,5,5,1,1,3,3,3,2,4,2,5,1,5,5,1,5,3,1,5,3,3
2025_801,3,4,3,2,1,1,1,5,5,2,3,5,3,3,5,5,2,4,1,5,3
2025_802,5,3,4,5,4,1,3,2,1,4,4,1,4,2,2,4,4,2,4,5,3
2025_803,3,5,4,4,3,4,3,2,3,3,5,4,2,1,3,1,4,3,1,5,3
2025_804,1,5,2,4,1,3,4,1,3,3,3,3,1,2,5,5,5,2,3,3,3
2025_805,4,5,5,3,5,3,3,3,1,1,1,1,2,4,4,3,5,1,4,4,3
2025_806,1,2,2,4,2,1,4,1,2,1,2,2,1,2,3,1,3,1,2,2,2
2025_807,4,4,3,2,4,2,1,4,3,4,2,5,5,2,1,4,5,1,2,1,3
2025_808,2,4,1,4,1,2,2,1,2,3,3,4,3,3,5,5,5,5,2,4,3
2025_809,4,3,4,3,4,1,1,4,2,3,4,3,5,4,2,5,4,1,4,1,3
2025_810,1,4,4,1,3,5,2,4,5,5,3,5,4,5,4,4,1,3,2,1,3
2025_811,2,4,1,5,5,2,4,2,3,5,1,1,1,5,4,5,5,1,5,1,3
2025_812,4,3,1,2,3,4,3,1,4,2,1,1,4,4,3,2,3,3,1,4,3
2025_813,1,2,3,2,4,4,5,2,1,2,3,4,4,2,2,2,3,3,1,2,3
2025_814,1,5,3,4,5,4,5,1,1,3,4,5,2,2,3,4,2,3,3,4,3
2025_815,2,2,2,1,2,5,1,1,1,1,3,5,4,2,1,4,3,4,1,5,2
2025_816,4,1,1,2,2,5,2,5,3,3,2,3,4,4,4,3,4,5,1,2,3
2025_817,5,4,1,2,5,2,3,4,5,5,1,1,1,2,4,2,4,5,2,2,3
2025_818,2,3,4,4,2,3,2,4,5,3,3,2,5,4,1,4,4,5,3,4,3
2025_819,3,5,5,2,1,5,5,3,5,4,2,2,4,5,1,5,2,1,3,3,3
2025_820,5,5,1,1,5,2,3,1,2,5,4,1,4,2,3,2,3,2,1,1,3
2025_821,4,2,2,4,5,2,2,2,5,1,4,5,3,3,5,5,1,3,4,2,3
2025_822,2,1,1,3,4,4,5,1,2,2,3,2,4,4,1,3,2,1,5,5,3
2025_823,2,2,2,4,2,5,2,3,5,3,5,1,5,5,3,3,5,5,4,1,3
2025_824,1,2,5,5,5,5,1,3,4,3,3,1,4,5,1,1,4,2,1,3,3
2025_825,3,5,1,5,1,4,1,2,3,4,3,5,4,2,3,1,1,1,4,2,3
2025_826,2,2,3,4,1,3,2,1,4,5,2,2,2,2,1,4,3,1,4,3,3
2025_827,2,4,2,4,5,2,2,2,1,3,2,2,1,1,5,4,2,4,1,1,2
2025_828,5,3,1,2,5,3,5,1,3,4,3,2,4,4,2,4,1,3,3,2,3
2025_829,1,4,3,3,3,3,5,2,4,4,2,1,2,3,3,2,2,4,4,5,3
2025_830,5,3,5,5,1,2,4,5,4,5,5,3,1,2,2,3,3,2,2,1,3
2025_831,5,1,2,5,2,1,1,1,5,4,4,2,5,3,4,5,5,4,5,5,3
2025_832,4,1,2,3,2,1,1,5,2,1,2,1,3,1,2,5,2,4,2,3,2
2025_833,3,3,1,3,2,5,3,2,1,1,5,5,2,5,5,1,2,5,2,3,3
2025_834,1,1,1,4,2,3,5,3,2,1,4,2,2,5,3,3,5,4,1,1,3
2025_835,4,5,2,3,2,3,2,5,5,4,2,2,4,4,5,5,2,5,5,2,4
2025_836,4,2,1,2,1,2,1,1,2,5,3,5,1,2,2,2,2,3,4,1,2
2025_837,3,5,4,4,2,3,5,2,2,1,4,5,4,3,1,2,1,2,1,2,3
2025_838,4,4,4,4,1,2,4,1,2,1,4,3,1,4,5,2,4,5,1,1,3
2025_839,5,5,2,1,5,3,3,5,2,1,3,5,5,4,5,2,3,4,3,3,3
2025_840,2,5,2,5,4,2,2,1,2,1,5,5,5,1,5,3,2,1,5,3,3
2025_841,2,2,5,3,1,5,2,2,2,5,4,4,4,3,5,2,3,4,1,3,3
2025_842,3,5,3,5,1,2,2,4,4,1,2,4,3,5,4,1,2,1,5,5,3
2025_843,1,4,4,2,2,3,3,2,3,1,4,3,3,1,5,2,1,5,1,4,3
2025_844,1,1,4,2,5,3,2,1,3,4,2,5,2,2,3,4,4,2,4,3,3
2025_845,3,5,4,5,1,3,2,3,1,2,4,4,3,2,2,5,1,4,3,2,3
2025_846,4,3,4,3,4,5,1,4,1,4,2,5,5,1,2,3,5,2,2,1,3
2025_847,2,2,3,1,1,2,3,4,5,1,3,3,2,5,1,4,2,1,1,3,2
2025_848,5,4,5,3,4,4,2,4,1,5,5,2,4,3,1,2,4,3,4,2,3
2025_849,3,3,3,3,4,3,4,3,3,2,4,4,5,2,4,2,2,2,1,4,3
2025_850,2,1,1,3,3,4,3,4,1,1,4,3,3,4,5,3,2,3,5,1,3
2025_851,1,1,3,1,5,5,3,2,3,1,3,5,3,3,2,5,4,4,5,4,3
2025_852,1,4,1,5,4,4,1,1,3,2,4,2,2,4,1,3,5,4,4,5,3
2025_853,2,3,2,5,5,3,5,5,3,4,2,4,4,2,4,3,2,1,4,5,3
2025_854,2,1,5,1,4,5,4,5,2,3,3,1,5,4,2,2,2,3,4,2,3
2025_855,2,1,5,5,5,1,3,1,2,4,2,2,4,5,1,3,2,2,3,1,3
2025_856,2,3,2,5,5,2,2,5,2,1,1,4,1,2,2,3,1,5,5,4,3
2025_857,3,5,4,1,3,3,2,1,3,4,5,1,1,3,3,3,4,2,3,2,3
2025_858,2,1,5,5,4,4,5,5,1,1,5,3,3,1,2,5,4,3,2,3,3
2025_859,2,5,5,5,1,2,4,4,5,4,3,2,2,2,3,1,3,2,2,2,3
2025_860,4,1,3,2,5,1,5,1,2,1,1,2,5,5,4,5,5,1,4,2,3
2025_861,2,3,4,1,3,3,2,5,1,4,3,1,2,3,3,2,2,2,1,1,2
2025_862,1,5,3,1,5,3,1,2,4,1,4,1,2,4,5,2,4,4,2,2,3
2025_863,2,3,5,1,4,1,2,5,5,3,2,4,3,2,3,1,2,4,4,2,3
2025_864,3,5,2,4,1,4,5,4,5,2,4,3,3,4,4,1,4,1,1,1,3
2025_865,1,2,3,1,3,1,3,4,4,3,1,2,3,5,2,5,3,1,5,3,3
2025_866,2,1,5,3,1,1,4,1,3,2,4,3,3,3,5,5,2,3,5,5,3
2025_867,5,2,2,3,4,3,5,5,1,3,5,5,4,1,3,2,3,3,4,3,3
2025_868,4,4,5,2,4,1,1,2,4,2,5,1,3,1,4,2,1,3,3,2,3
2025_869,2,1,4,5,3,2,5,5,5,4,2,3,2,1,3,2,3,1,3,5,3
2025_870,4,1,3,1,5,4,1,5,5,5,3,2,1,2,5,2,5,5,4,4,3
2025_871,2,1,2,1,2,3,3,1,4,1,2,5,3,5,3,2,3,1,5,5,3
2025_872,2,5,2,4,1,3,3,3,4,1,5,5,1,1,3,5,1,5,1,2,3
2025_873,3,1,4,1,2,4,4,1,2,4,3,3,5,5,2,4,3,3,2,4,3
2025_874,2,1,3,2,2,1,5,3,2,3,5,2,1,3,1,5,5,3,5,4,3
2025_875,3,4,5,3,4,5,2,2,1,2,4,2,3,3,3,2,2,1,5,1,3
2025_876,4,3,2,5,5,2,1,5,1,2,1,3,2,2,5,5,5,3,3,4,3
2025_877,2,5,2,1,3,4,1,2,3,5,1,3,2,2,1,1,1,4,5,3,3
2025_878,2,2,5,1,1,2,5,2,1,3,1,3,4,5,4,1,5,1,5,5,3
2025_879,1,1,5,5,1,1,2,2,2,4,5,3,4,5,3,2,3,1,1,5,3
2025_880,4,2,5,2,1,4,4,1,3,4,3,2,4,1,3,2,2,4,4,5,3
2025_881,5,4,5,1,1,5,4,1,2,4,3,3,4,5,1,1,4,2,5,2,3
2025_882,4,4,2,3,4,5,2,3,2,3,3,5,4,3,4,5,4,1,3,5,3
2025_883,2,5,3,5,2,1,3,3,5,4,4,2,1,1,5,5,4,1,1,1,3
2025_884,2,2,5,4,3,4,2,2,5,3,1,3,3,3,5,2,1,3,1,3,3
2025_885,2,1,4,2,1,3,3,2,2,3,1,4,5,2,3,1,2,1,2,3,2
2025_886,1,3,1,2,5,5,4,4,3,1,4,2,5,1,5,1,4,4,3,1,3
2025_887,2,4,3,4,5,4,1,3,1,2,2,4,3,3,3,3,4,1,4,1,3
2025_888,5,5,1,4,2,4,2,4,3,3,5,5,1,2,3,4,1,4,3,3,3
2025_889,3,3,4,1,3,5,1,5,4,3,1,3,3,1,3,3,2,2,1,1,3
2025_890,3,5,1,3,5,2,1,3,2,4,2,3,5,4,4,4,1,3,4,2,3
2025_891,5,3,2,1,4,2,3,2,1,5,4,3,4,4,4,2,2,5,1,3,3
2025_892,2,4,1,3,3,3,3,5,3,1,2,1,4,5,5,4,1,1,4,3,3
2025_893,3,2,1,1,4,4,3,1,1,5,2,2,3,1,5,1,4,3,2,1,2
2025_894,3,2,1,5,3,1,2,2,5,3,3,1,2,2,5,5,3,2,1,4,3
2025_895,1,5,1,2,3,4,3,4,4,2,2,5,5,4,5,2,5,4,3,1,3
2025_896,5,2,3,2,5,4,1,1,3,1,4,2,4,3,3,1,4,2,4,2,3
2025_897,2,4,5,4,2,3,3,1,3,5,2,4,4,5,3,2,3,1,3,1,3
2025_898,4,2,1,3,3,4,5,5,3,5,2,5,2,3,3,3,4,5,1,1,3
2025_899,3,5,2,1,3,1,1,1,3,3,4,4,4,1,5,3,4,5,4,4,3
2025_900,5,4,1,1,1,2,4,2,3,5,3,2,1,4,4,1,4,5,5,5,3
2025_901,3,1,5,2,5,3,2,1,1,5,2,2,5,5,4,4,5,3,4,5,3
2025_902,2,4,3,1,2,3,3,3,2,3,1,4,2,3,5,4,2,5,5,3,3
2025_903,2,3,1,5,1,3,4,5,4,2,5,1,4,2,5,2,1,5,2,3,3
2025_904,5,5,5,5,3,1,3,3,2,4,4,2,3,2,5,2,2,5,4,5,4
2025_905,1,2,2,4,3,5,3,1,5,1,1,1,5,5,4,2,3,3,1,5,3
2025_906,5,1,2,3,4,2,5,1,3,1,5,1,3,1,3,1,1,3,1,2,2
2025_907,4,2,4,2,4,1,3,3,5,4,5,5,4,3,4,1,5,5,4,5,4
2025_908,3,5,4,3,3,5,4,5,1,1,3,5,1,2,1,5,5,1,5,5,3
2025_909,2,3,5,4,3,3,4,1,2,5,1,4,2,2,2,4,1,5,2,2,3
2025_910,1,2,2,4,3,1,1,1,4,4,5,4,1,5,3,2,2,5,3,2,3
2025_911,5,4,1,3,2,1,5,2,1,4,3,5,2,4,3,3,4,2,3,5,3
2025_912,1,5,3,1,4,1,1,1,3,2,3,2,4,4,4,4,4,5,3,2,3
2025_913,4,5,5,5,3,4,5,5,4,3,5,2,1,1,1,3,5,1,1,4,3
2025_914,5,5,4,5,2,3,4,1,5,2,2,3,2,5,5,2,5,5,1,4,4
2025_915,5,5,3,4,4,4,2,1,1,3,4,4,5,2,2,3,1,4,3,2,3
2025_916,2,2,4,4,4,5,1,2,2,5,2,2,4,4,1,2,3,2,2,1,3
2025_917,3,2,3,4,4,3,2,3,3,4,3,5,5,4,2,2,4,2,1,5,3
2025_918,1,1,1,4,1,3,2,4,3,3,5,5,3,5,2,2,5,1,3,2,3
2025_919,5,5,2,2,1,5,5,4,1,2,2,3,2,5,2,5,5,1,2,1,3
2025_920,5,2,2,1,1,5,5,2,2,4,4,3,5,3,3,1,1,4,3,4,3
2025_921,5,2,1,5,5,1,1,3,4,5,3,3,5,5,2,4,5,1,2,4,3
2025_922,1,1,4,2,1,3,4,4,5,2,3,3,5,1,1,3,2,1,4,5,3
2025_923,2,1,3,5,1,3,1,5,4,4,3,4,5,3,1,2,1,5,3,1,3
2025_924,3,4,2,5,1,2,5,5,4,3,3,2,4,5,4,4,2,3,4,4,3
2025_925,4,1,4,4,5,1,4,4,2,2,1,5,1,1,2,2,5,4,5,4,3
2025_926,3,2,3,3,2,3,1,4,5,2,1,5,5,5,3,3,3,3,1,3,3
2025_927,2,5,1,3,5,1,5,1,4,1,3,5,5,5,2,2,3,4,2,1,3
2025_928,3,4,1,5,2,1,4,3,1,3,5,4,4,2,4,1,1,1,5,4,3
2025_929,4,1,2,2,4,4,3,4,1,5,4,4,1,3,4,2,2,2,5,5,3
2025_930,4,4,4,5,4,1,3,2,2,1,4,5,4,4,2,2,5,2,4,1,3
2025_931,5,1,4,5,1,5,4,5,4,5,5,2,4,3,5,1,2,2,5,3,4
2025_932,2,4,5,5,3,4,4,3,1,4,1,1,5,5,2,5,4,4,1,4,3
2025_933,5,5,5,3,4,2,4,4,3,4,1,5,5,3,5,1,3,2,5,4,4
2025_934,1,1,5,2,4,2,2,5,4,5,5,1,5,3,4,1,4,1,3,5,3
2025_935,1,1,1,3,4,3,1,1,5,3,3,2,4,2,2,4,5,5,4,4,3
2025_936,3,3,3,3,1,1,5,1,1,3,3,4,3,4,4,1,3,1,3,1,3
2025_937,1,1,5,1,2,2,2,4,1,2,4,2,3,5,1,5,5,3,3,3,3
2025_938,4,2,1,3,1,1,1,3,3,2,3,3,1,2,5,3,3,5,1,2,2
2025_939,1,4,3,4,3,4,5,3,3,4,2,4,3,3,2,1,2,1,3,5,3
2025_940,5,4,2,2,5,1,2,1,1,1,1,4,4,5,4,2,4,2,2,1,3
2025_941,5,1,1,4,4,2,4,4,3,2,2,3,2,5,5,3,4,5,3,5,3
2025_942,1,3,2,5,2,3,5,2,4,4,1,3,2,1,3,4,2,5,4,5,3
2025_943,5,2,2,5,1,5,5,2,3,4,2,1,4,2,2,3,1,1,2,3,3
2025_944,2,5,5,3,2,3,2,2,5,4,1,1,3,1,5,4,2,2,5,1,3
2025_945,2,1,5,2,3,4,1,1,1,1,5,5,5,5,2,5,2,3,5,3,3
2025_946,5,3,4,3,2,1,3,1,4,4,2,2,3,5,4,1,5,4,3,4,3
2025_947,2,1,1,2,5,2,1,3,5,4,3,5,1,1,3,5,4,4,2,3,3
2025_948,5,3,4,5,1,1,5,3,3,1,1,4,5,3,4,3,1,5,2,5,3
2025_949,2,4,2,2,4,5,4,1,1,2,4,4,4,5,3,3,3,5,4,3,3
2025_950,4,2,3,2,5,1,5,5,5,3,2,3,1,5,4,1,2,1,3,4,3
2025_951,3,5,5,1,5,5,2,2,3,3,2,1,2,3,4,5,4,4,5,2,3
2025_952,1,4,1,3,4,3,2,4,3,3,2,1,1,4,2,4,1,2,5,2,3
2025_953,2,5,3,3,3,1,2,5,1,5,1,1,1,5,4,1,3,2,4,4,3
2025_954,5,4,5,5,3,1,4,1,1,1,5,1,4,5,4,5,2,2,2,2,3
2025_955,5,1,3,3,2,1,4,1,4,3,1,1,3,1,4,1,4,2,1,4,2
2025_956,3,2,1,4,1,4,1,2,2,1,1,5,1,1,2,1,3,1,5,4,2
2025_957,2,3,4,3,2,5,2,3,3,2,1,2,5,2,4,1,4,2,1,4,3
2025_958,4,1,1,3,1,2,5,3,1,5,3,2,5,1,1,2,3,5,2,3,3
2025_959,4,4,3,1,1,4,1,1,3,3,1,3,5,4,5,5,1,1,5,5,3
2025_960,2,2,4,5,3,2,1,5,3,3,3,1,2,3,2,4,1,2,2,3,3
2025_961,3,1,2,5,3,3,4,1,2,2,2,3,1,2,5,4,4,2,3,4,3
2025_962,4,4,4,2,1,1,3,5,1,5,1,1,3,4,3,1,4,4,4,5,3
2025_963,1,2,3,5,3,2,4,2,3,2,1,2,1,2,1,1,2,5,4,4,2
2025_964,4,1,4,1,5,2,2,1,1,5,4,5,2,2,4,2,1,2,3,4,3
2025_965,4,4,3,5,1,4,2,1,2,1,1,2,2,1,4,2,3,3,1,5,3
2025_966,1,1,4,4,5,5,5,5,5,1,1,3,3,2,1,5,2,4,1,3,3
2025_967,1,1,1,1,4,3,1,4,2,1,4,5,2,3,1,1,4,3,5,2,2
2025_968,3,1,4,5,4,2,3,4,4,1,4,5,3,2,4,5,2,5,4,4,3
2025_969,3,1,5,1,1,2,2,5,1,3,1,2,1,4,4,3,5,1,4,5,3
2025_970,4,5,5,4,2,5,1,4,2,4,3,1,3,5,5,3,3,5,2,1,3
2025_971,4,3,1,4,4,3,2,2,1,1,5,2,1,5,4,1,5,2,4,1,3
2025_972,2,4,3,2,3,1,5,1,2,3,3,4,1,1,2,3,2,2,3,2,2
2025_973,3,2,5,2,2,5,1,3,4,5,1,2,1,5,2,1,4,3,3,5,3
2025_974,2,2,3,1,2,4,4,2,2,3,5,3,5,4,5,3,2,5,3,4,3
2025_975,5,4,4,1,5,3,5,5,4,4,4,4,3,2,1,4,4,1,4,2,3
2025_976,5,1,3,1,2,3,5,4,1,3,1,5,1,3,2,3,1,5,4,4,3
2025_977,5,1,5,1,3,2,1,4,4,2,1,2,3,2,3,4,3,1,1,1,2
2025_978,1,5,3,1,2,2,5,3,3,3,5,3,3,1,3,1,1,3,2,4,3
2025_979,2,3,3,2,3,1,5,3,3,2,1,2,2,3,1,3,3,3,3,5,3
2025_980,4,1,5,4,4,4,5,1,2,4,2,2,3,2,3,1,1,3,1,4,3
2025_981,1,3,4,2,2,2,3,2,1,2,5,5,2,2,5,2,4,5,3,5,3
2025_982,1,4,3,2,1,1,4,3,1,3,3,1,3,4,1,4,4,3,3,1,2
2025_983,2,1,4,3,4,5,5,4,2,2,1,1,1,3,2,4,5,2,2,2,3
2025_984,1,3,4,1,3,2,3,1,2,1,4,2,3,1,5,3,3,2,3,1,2
2025_985,5,4,5,1,2,1,3,2,4,4,1,3,4,5,2,5,4,4,1,1,3
2025_986,2,1,3,2,3,1,2,4,5,4,3,4,4,5,5,4,5,4,2,4,3
2025_987,1,5,5,3,3,1,5,5,3,3,4,5,5,4,5,1,3,3,3,2,3
2025_988,1,1,4,2,5,1,2,2,1,4,2,3,2,5,1,5,4,3,1,2,3
2025_989,3,2,4,1,4,4,4,4,2,5,2,3,4,3,2,4,2,4,2,1,3
2025_990,5,5,4,1,3,1,4,1,3,4,5,1,5,5,2,3,1,5,5,3,3
2025_991,5,5,5,5,2,2,4,1,3,4,2,2,2,4,2,4,2,5,5,1,3
2025_992,2,1,4,1,2,4,4,5,4,4,1,4,3,5,5,4,1,5,5,3,3
2025_993,4,5,5,5,5,1,2,3,1,3,5,3,4,4,2,2,3,1,1,5,3
2025_994,1,2,1,5,4,1,1,2,3,4,3,5,5,3,2,2,2,4,5,5,3
2025_995,5,4,5,3,1,4,1,3,2,2,2,4,2,4,4,1,2,5,2,2,3
2025_996,2,5,5,4,5,4,1,4,2,3,3,2,4,2,5,4,2,5,5,4,4
2025_997,1,1,5,1,5,1,5,5,5,5,3,1,5,2,4,2,2,3,1,3,3
2025_998,1,5,3,4,1,3,4,2,5,5,2,3,2,4,1,3,1,2,5,1,3
2025_999,1,5,1,1,5,5,2,2,1,3,2,2,3,3,5,2,4,4,1,2,3
2026_1,4,2,2,4,2,3,1,5,4,5,1,3,3,3,3,4,4,2,2,1,3